Open Time;Close;Return;Volume;Number of Trades
17.08.2017;100;0;7825.860717;7949
18.08.2017;95.87615634;-0.041238437;10737.73472;10891
19.08.2017;96.61383218;0.007694049;2527.507493;3948
20.08.2017;95.36088008;-0.012968662;2977.221732;4359
21.08.2017;93.72053731;-0.017201422;5911.18848;7897
22.08.2017;94.2806202;0.005976096;8923.035738;13071
23.08.2017;96.00777582;0.018319307;9666.862255;17169
24.08.2017;100.7218068;0.049100513;7540.690673;12742
25.08.2017;99.89731814;-0.008185801;7699.58236;14006
26.08.2017;101.2219142;0.013259576;5105.793278;6660
27.08.2017;100.5817861;-0.006324007;4986.129735;8643
28.08.2017;102.3712509;0.017791142;4883.023316;8875
29.08.2017;107.0570444;0.045772553;3635.679278;7424
30.08.2017;106.3023327;-0.007049622;5255.064851;10363
31.08.2017;110.2637524;0.037265594;4992.825352;8735
01.09.2017;112.8312657;0.023285198;4759.350706;8124
02.09.2017;104.3653794;-0.075031386;9169.475835;15692
03.09.2017;105.2274403;0.008260028;5944.838308;12175
04.09.2017;95.68339448;-0.090699211;8132.455224;16720
05.09.2017;101.8993811;0.064964111;9573.357397;19083
06.09.2017;107.8105893;0.058010246;6293.673606;15045
07.09.2017;109.4871041;0.015550558;3604.327425;5705
08.09.2017;99.94679213;-0.087136399;6048.011976;7960
09.09.2017;99.3869426;-0.005601476;3399.371172;5733
10.09.2017;96.38956566;-0.030158659;4816.824265;5929
11.09.2017;98.21216873;0.018908718;5529.635535;7718
12.09.2017;97.16784751;-0.010633318;6055.944339;11780
13.09.2017;92.05639101;-0.052604402;7364.690905;9546
14.09.2017;74.42148105;-0.191566384;14266.9783;17232
15.09.2017;86.34611256;0.160231043;16192.76179;19643
16.09.2017;86.69499753;0.004040541;11659.62406;17668
17.09.2017;86.34587919;-0.004026972;5296.70458;11632
18.09.2017;94.16416963;0.090546191;5155.976965;11660
19.09.2017;91.24777134;-0.030971423;2772.240649;9238
20.09.2017;91.01346999;-0.002567749;1781.502416;8662
21.09.2017;84.24556834;-0.074361538;2914.209914;11465
22.09.2017;83.91605291;-0.003911368;2303.478925;10296
23.09.2017;88.21305553;0.051205967;3577.128511;12303
24.09.2017;85.41310781;-0.031740741;6237.18061;16746
25.09.2017;91.49770833;0.071237316;6598.475063;18905
26.09.2017;90.6015757;-0.009794045;5093.656027;15300
27.09.2017;97.85114864;0.08001597;6146.274786;16581
28.09.2017;97.41941807;-0.004412115;7450.694545;21960
29.09.2017;97.42385206;4.55E-05;12691.50859;27932
30.09.2017;102.180356;0.048822787;4740.961133;17492
01.10.2017;102.1796559;-6.85E-06;5787.021265;18716
02.10.2017;102.2151278;0.000347152;4366.594444;15639
03.10.2017;100.5815527;-0.015981735;6629.180583;21706
04.10.2017;98.21496915;-0.023529002;4883.353021;18239
05.10.2017;100.1715254;0.019921161;4191.528798;15283
06.10.2017;101.9584232;0.017838381;4047.552766;12610
07.10.2017;103.2186097;0.012359808;2463.38826;9093
08.10.2017;108.2826925;0.049061723;3479.393984;13827
09.10.2017;111.7120334;0.031670259;5531.841775;19052
10.10.2017;111.6212533;-0.000812626;7792.496453;21359
11.10.2017;112.5166858;0.008022061;4478.115696;9974
12.10.2017;126.7187544;0.126221889;9104.457442;12986
13.10.2017;131.8523808;0.040511971;19805.19347;21561
14.10.2017;136.9867074;0.038939961;8702.723736;11962
15.10.2017;133.2528214;-0.027257287;11354.87046;14274
16.10.2017;134.4203609;0.008761837;10192.46743;15739
17.10.2017;130.5693243;-0.028649206;9576.612936;16592
18.10.2017;128.6337711;-0.01482395;15225.84977;24625
19.10.2017;132.6439646;0.031175277;10560.4695;18322
20.10.2017;140.2543243;0.057374338;10712.29486;18468
21.10.2017;140.6034426;0.002489181;10255.9389;16525
22.10.2017;138.8543504;-0.012439896;8535.161146;14674
23.10.2017;138.0587994;-0.005729393;11471.34176;17260
24.10.2017;127.8162835;-0.074189519;16647.09801;21101
25.10.2017;132.7860857;0.038882387;11985.90582;18822
26.10.2017;136.794879;0.03018986;9785.993052;17986
27.10.2017;134.625958;-0.015855279;7675.854436;14204
28.10.2017;133.4780214;-0.008526859;7125.620302;14145
29.10.2017;143.9875102;0.078735725;10823.91132;17598
30.10.2017;142.8328059;-0.008019475;10419.8073;15448
31.10.2017;150.8256555;0.05595948;9152.186745;20247
01.11.2017;157.6161939;0.045022435;11518.78179;28813
02.11.2017;163.8237793;0.039384185;15927.468;33822
03.11.2017;166.0421742;0.013541349;10085.53224;24348
04.11.2017;171.6908436;0.034019485;9227.609207;22431
05.11.2017;171.4089352;-0.001641954;7846.25352;18603
06.11.2017;162.4364166;-0.052345688;129893.8603;22341
07.11.2017;164.8506497;0.014862635;144988.5683;22771
08.11.2017;170.4215411;0.033793566;366074.4165;40907
09.11.2017;165.2213531;-0.030513678;300101.8978;23358
10.11.2017;151.8628354;-0.080852247;503510.7697;29903
11.11.2017;145.7583152;-0.040197592;272442.6897;27709
12.11.2017;135.6433176;-0.069395682;483251.3563;46513
13.11.2017;150.9213472;0.112633854;184943.6474;26527
14.11.2017;153.4613308;0.01682985;196209.9652;23299
15.11.2017;168.9709092;0.101065059;315015.1072;21974
16.11.2017;183.5293194;0.08615927;214507.3337;25846
17.11.2017;179.6782071;-0.020983635;441471.0014;34932
18.11.2017;181.1494774;0.008188363;190415.6238;29987
19.11.2017;187.5848811;0.035525378;202966.7094;26375
20.11.2017;191.5943657;0.021374242;212243.1437;34007
21.11.2017;189.3677767;-0.01162137;472907.057;38372
22.11.2017;191.3610738;0.010526063;225063.7415;26516
23.11.2017;187.0542651;-0.02250619;224072.0188;31024
24.11.2017;189.7159702;0.014229588;687107.7214;39070
25.11.2017;202.6643053;0.06825116;525364.8589;35434
26.11.2017;212.5595474;0.048825777;229996.0298;35046
27.11.2017;224.6855869;0.057047729;522210.6299;41913
28.11.2017;230.3228371;0.025089505;403589.8941;33838
29.11.2017;225.5433603;-0.020751207;1121457.169;84555
30.11.2017;229.0022615;0.015335859;967536.692;76301
01.12.2017;250.7782914;0.095090894;563350.4286;62912
02.12.2017;253.3509307;0.01025862;405278.8588;55627
03.12.2017;259.6571887;0.024891395;542418.8795;72717
04.12.2017;269.2158447;0.036812599;603286.0761;64994
05.12.2017;272.1062833;0.01073651;616113.76;61413
06.12.2017;314.5822983;0.156100824;594884.2827;76059
07.12.2017;384.860487;0.2234016;755161.6434;100945
08.12.2017;368.1017086;-0.043545074;907053.5862;146715
09.12.2017;340.1470412;-0.075942781;696696.0091;117660
10.12.2017;345.9029309;0.016921769;799862.3956;129412
11.12.2017;384.8028479;0.112459056;601608.2092;113309
12.12.2017;379.0792206;-0.014874181;837080.095;159324
13.12.2017;372.1320364;-0.018326471;1076651.571;168592
14.12.2017;378.019281;0.015820311;1253188.965;161874
15.12.2017;404.6673983;0.070494069;1083615.6;148052
16.12.2017;438.7407227;0.084200814;894249.5021;97906
17.12.2017;432.9531821;-0.013191255;1831103.354;166499
18.12.2017;432.0019749;-0.002197021;1656895.187;171583
19.12.2017;399.562494;-0.075091048;2080223.636;222930
20.12.2017;382.9720288;-0.041521578;1717703.209;233441
21.12.2017;361.0799929;-0.057163538;1267840.647;213140
22.12.2017;314.1458378;-0.129982708;2235527.795;430274
23.12.2017;313.3449767;-0.002549329;1254762.905;263866
24.12.2017;318.0107783;0.014890303;1347396.782;365232
25.12.2017;322.7846724;0.015011737;1690325.872;266705
26.12.2017;366.9037691;0.13668275;3267630;312158
27.12.2017;362.6527567;-0.011586178;3040089.2;308935
28.12.2017;334.6058197;-0.07733827;2847656.367;471624
29.12.2017;338.357834;0.011213237;1623207.951;297823
30.12.2017;295.4058558;-0.126942467;1959668.444;397328
31.12.2017;323.3446939;0.094577807;1517713.354;301270
01.01.2018;316.7669742;-0.020342748;818491.1137;229467
02.01.2018;346.4020601;0.093554847;1659905.312;416064
03.01.2018;352.3838867;0.01726845;1281486.657;372984
04.01.2018;354.4149467;0.005763771;1279237.969;396999
05.01.2018;396.7767009;0.119525868;3087367.494;422248
06.01.2018;398.5622519;0.004500141;3389366.289;374138
07.01.2018;378.4603928;-0.050435933;1716783.301;289279
08.01.2018;350.9552986;-0.072676282;2470296.196;479871
09.01.2018;339.411708;-0.032891911;1660160.972;402915
10.01.2018;348.4996513;0.026775574;1638692.372;451177
11.01.2018;314.117098;-0.098658788;4026737.261;601001
12.01.2018;325.5283563;0.036328039;3143107.128;378846
13.01.2018;335.7725846;0.031469542;1326096.059;325830
14.01.2018;320.7349421;-0.044785201;1803658.134;389905
15.01.2018;323.174765;0.007606976;2812238.44;414238
16.01.2018;264.7140117;-0.180895168;11682173.24;1063043
17.01.2018;266.3674285;0.00624605;12214235.2;1276158
18.01.2018;265.6065517;-0.002856493;7920643.639;940858
19.01.2018;277.7190077;0.045603002;3685822.263;597271
20.01.2018;307.2582736;0.106363861;3147542.175;530025
21.01.2018;279.3882386;-0.090705564;3901327.054;706380
22.01.2018;262.1136702;-0.061829977;3477982.125;713232
23.01.2018;264.1087773;0.00761161;2871049.838;675678
24.01.2018;276.7381794;0.047818941;2517278.005;600965
25.01.2018;272.6530106;-0.014761855;1825880.721;463468
26.01.2018;270.9944737;-0.006082959;2268522.192;595955
27.01.2018;279.639484;0.031901058;1250486.739;404865
28.01.2018;288.8531939;0.03294853;1750568.697;496625
29.01.2018;274.713036;-0.048952749;1297847.923;469775
30.01.2018;251.200685;-0.085588771;2000534.661;715830
31.01.2018;252.3373711;0.004525012;1346466.643;527379
01.02.2018;228.6038516;-0.094054715;2868017.974;857896
02.02.2018;220.5630039;-0.035173719;5338889.612;1268656
03.02.2018;228.8896183;0.037751637;3027439.844;828373
04.02.2018;205.9732191;-0.100119871;2890172.119;892054
05.02.2018;176.9630909;-0.140844175;4826432.422;1285112
06.02.2018;193.966283;0.096083268;8950995.655;1981275
07.02.2018;193.7790847;-0.000965107;6158396.145;1287732
08.02.2018;198.4583687;0.024147518;144353.4036;29352
09.02.2018;219.7677328;0.10737448;2898175.443;605006
10.02.2018;216.108304;-0.016651347;4230598.693;1133373
11.02.2018;205.3005335;-0.050010899;3905056.16;1134125
12.02.2018;224.8009843;0.094984901;2682034.989;1031200
13.02.2018;215.6215778;-0.04083348;1837203.098;799629
14.02.2018;236.932787;0.098836162;3856701.248;1266279
15.02.2018;249.8559338;0.054543514;5481519.13;1441574
16.02.2018;254.4463139;0.018372108;2798177.706;993476
17.02.2018;274.8528344;0.08019971;2918544.841;900639
18.02.2018;260.4257593;-0.052490181;3006620.424;1132945
19.02.2018;278.1983671;0.068244431;1864690.258;765404
20.02.2018;279.6936484;0.005374874;3361025.826;1025092
21.02.2018;262.4360268;-0.061701872;3432080.648;1233203
22.02.2018;247.9199504;-0.055312819;2809527.504;1091034
23.02.2018;255.5091071;0.030611319;2628474.36;1069477
24.02.2018;246.1256866;-0.036724407;2096450.513;757101
25.02.2018;243.799967;-0.009449317;1452708.539;543027
26.02.2018;261.6203882;0.073094436;2252372.02;691836
27.02.2018;267.9213792;0.02408448;3229707.61;601345
28.02.2018;263.1572894;-0.017781671;2246845.292;586125
01.03.2018;277.7130975;0.055312198;1774221.057;489470
02.03.2018;281.4524568;0.013464829;1034772.744;404833
03.03.2018;291.7108753;0.03644814;980413.587;371684
04.03.2018;292.1253124;0.001420712;933204.8042;348968
05.03.2018;290.9824833;-0.003912119;808078.2221;338154
06.03.2018;274.6236922;-0.056219161;1552896.88;505551
07.03.2018;255.1865685;-0.070777301;4099290.43;832538
08.03.2018;239.181152;-0.06272045;2598282.018;658397
09.03.2018;237.9203874;-0.00527117;3142686.82;917700
10.03.2018;226.2550289;-0.049030513;2874065.885;566360
11.03.2018;246.4737598;0.08936257;3310339.97;626910
12.03.2018;238.1870644;-0.033621005;3072779.923;605350
13.03.2018;239.2514504;0.004468698;7753017.976;711064
14.03.2018;215.8170207;-0.097948956;5892198.695;782526
15.03.2018;217.4610218;0.007617569;5276264.078;780083
16.03.2018;218.5272824;0.004903226;4663783.989;488661
17.03.2018;208.1848064;-0.047328077;4504169.578;511169
18.03.2018;217.3445643;0.043998205;5900457.405;993899
19.03.2018;227.3308874;0.045946965;6634609.241;870121
20.03.2018;235.3292856;0.035183948;7592533.454;762763
21.03.2018;234.813456;-0.002191948;7629703.538;727724
22.03.2018;231.0216142;-0.016148316;6928744.202;680641
23.03.2018;235.9278895;0.0212373;7586899.602;661848
24.03.2018;227.5547368;-0.035490305;10223400.72;693209
25.03.2018;226.0574696;-0.006579811;7529059.107;549644
26.03.2018;217.8176328;-0.036450186;7932516.017;730620
27.03.2018;208.7906683;-0.041442763;5398875.544;628294
28.03.2018;212.7626084;0.019023552;3943913.965;418725
29.03.2018;192.1314153;-0.096968134;4901077.312;768792
30.03.2018;185.9169949;-0.032344634;5414967.31;926395
31.03.2018;188.7515657;0.015246432;5006535.131;550250
01.04.2018;186.2105927;-0.013461997;4943810.598;559898
02.04.2018;192.0252214;0.03122609;5237234.427;469876
03.04.2018;202.205441;0.053015013;6059046.085;588987
04.04.2018;188.064613;-0.069932975;5997599.434;648724
05.04.2018;187.3715546;-0.003685214;4993564.228;501520
06.04.2018;182.2645738;-0.027255902;3593657.907;338263
07.04.2018;190.014748;0.042521561;3724960.161;348693
08.04.2018;194.1159443;0.021583568;3431032.959;305546
09.04.2018;188.0419985;-0.031290298;4485898.635;554272
10.04.2018;189.913193;0.00995094;4043306.946;348007
11.04.2018;193.0667692;0.016605356;4296383.568;369093
12.04.2018;218.097243;0.129646722;6892348.977;916000
13.04.2018;217.1921013;-0.004150175;6974641.564;830473
14.04.2018;220.0457238;0.013138703;4315584.798;556188
15.04.2018;229.3028759;0.042069221;4581086.492;429073
16.04.2018;220.3408368;-0.039083849;3595421.608;477256
17.04.2018;215.9646706;-0.019860895;70642448.78;504001
18.04.2018;222.4838673;0.030186404;34712192.85;407049
19.04.2018;223.7257195;0.005581763;54001877.89;461788
20.04.2018;237.7156277;0.062531515;74856257.34;664443
21.04.2018;237.9637765;0.001043889;98419325.13;746521
22.04.2018;235.0945517;-0.012057402;51919685.55;522573
23.04.2018;239.6796569;0.019503239;39400273.8;441848
24.04.2018;256.6141784;0.070654814;96495248.74;786403
25.04.2018;238.5173645;-0.070521489;131767770.7;1186831
26.04.2018;247.6010472;0.038083947;73241237.15;660916
27.04.2018;237.5202738;-0.040713775;73471475.68;593974
28.04.2018;248.9864299;0.048274431;173523196.9;624939
29.04.2018;251.3277652;0.009403466;167138480.6;760604
30.04.2018;247.8960778;-0.013654231;96615313.04;673553
01.05.2018;244.3482893;-0.014311596;123376812.3;611000
02.05.2018;249.1390677;0.019606351;68149870.03;460353
03.05.2018;261.7535288;0.050632208;92010604.81;772769
04.05.2018;261.0023548;-0.002869776;79688639.44;601979
05.05.2018;261.3234617;0.001230283;66355274.18;539854
06.05.2018;257.210875;-0.015737533;83073444.09;652435
07.05.2018;250.4049202;-0.026460603;83990281.69;700954
08.05.2018;246.4063985;-0.015968224;60076257.78;486773
09.05.2018;248.0392446;0.006626638;77789813.12;492695
10.05.2018;241.6813086;-0.025632782;50523406.35;490594
11.05.2018;229.3713488;-0.050934679;175345285.2;887497
12.05.2018;230.7728508;0.006110188;166303098.8;737059
13.05.2018;235.6798395;0.021263284;100951463.4;537580
14.05.2018;233.6226821;-0.00872861;115632942.3;698108
15.05.2018;229.0615044;-0.019523694;60394169.71;647995
16.05.2018;228.1296581;-0.004068105;65256460.01;576558
17.05.2018;221.6294615;-0.028493431;52472609.83;560900
18.05.2018;228.1525921;0.029432597;58368087.58;520098
19.05.2018;228.2488741;0.000422007;43242395.88;372991
20.05.2018;232.8038225;0.019956061;58257154.1;390876
21.05.2018;230.0992998;-0.011617175;52752805.22;424827
22.05.2018;218.9778342;-0.048333331;56830158.28;451856
23.05.2018;209.9880378;-0.041053454;132928220.2;757911
24.05.2018;212.9508315;0.014109345;94448223.52;589731
25.05.2018;210.892235;-0.009667004;97286283.16;495904
26.05.2018;206.4993629;-0.020829937;102609423.5;402775
27.05.2018;205.847238;-0.003158;94243321.33;395441
28.05.2018;199.5618829;-0.030534075;132366524.6;543851
29.05.2018;207.5654942;0.040105912;192106282.9;601151
30.05.2018;204.7650811;-0.013491708;209633703.1;550982
31.05.2018;206.0484264;0.006267403;233635447.7;640646
01.06.2018;202.7989565;-0.015770418;197341847.2;652199
02.06.2018;207.979327;0.025544365;197109180.1;708603
03.06.2018;208.5373855;0.00268324;201677982.3;731671
04.06.2018;204.9499311;-0.017202932;205938287.4;690122
05.06.2018;209.6890833;0.023123463;208353760.2;640394
06.06.2018;210.2728359;0.002783896;169334505.2;631174
07.06.2018;211.9859496;0.008147099;164815796.9;575351
08.06.2018;208.847118;-0.014806791;157383607.2;616035
09.06.2018;206.7718318;-0.009936868;147671747.5;539137
10.06.2018;193.2801191;-0.065249278;246306937.6;1065075
11.06.2018;194.9412654;0.008594501;228807933.9;667446
12.06.2018;190.5842847;-0.022350223;361006321.4;758709
13.06.2018;184.8958472;-0.029847359;694380891.1;873603
14.06.2018;194.2731034;0.050716424;792048225.1;932059
15.06.2018;188.5495894;-0.029461176;595766209.1;661233
16.06.2018;190.3222135;0.009401368;505704764.9;547080
17.06.2018;191.1626833;0.004416036;480134572.2;495815
18.06.2018;196.4618695;0.027720819;644058134.4;678981
19.06.2018;196.5881122;0.000642581;855020393.8;625820
20.06.2018;196.9939094;0.0020642;816629985;603904
21.06.2018;195.7629899;-0.006248516;650680962.7;571357
22.06.2018;181.170914;-0.074539503;946451131.3;997251
23.06.2018;183.9437699;0.015305194;573211744.2;551642
24.06.2018;183.3117153;-0.003436129;933753675.6;930573
25.06.2018;185.8398205;0.013791291;540950652;703920
26.06.2018;183.3229924;-0.013542997;346075939.9;410022
27.06.2018;184.623489;0.007094018;441453376.7;443546
28.06.2018;177.3191468;-0.03956345;549539292;600846
29.06.2018;188.7379871;0.064397108;840887461.9;668267
30.06.2018;193.5578496;0.025537321;987189997.6;724354
01.07.2018;193.815919;0.001333294;565689201.6;575670
02.07.2018;199.3281952;0.028440781;916895614.7;800516
03.07.2018;196.6104515;-0.013634517;841513911.4;794719
04.07.2018;197.7805399;0.005951303;430101894.6;489610
05.07.2018;195.4784911;-0.01163941;963238715.1;726911
06.07.2018;198.0118774;0.012959924;599988599.8;631654
07.07.2018;202.96955;0.025037249;547026870.6;502694
08.07.2018;202.0872377;-0.004347018;573873428.9;540956
09.07.2018;200.9183938;-0.005783858;526294192;512060
10.07.2018;191.8482322;-0.04514351;703584178.4;693966
11.07.2018;193.2480339;0.007296401;739743994.8;607372
12.07.2018;190.9047621;-0.012125721;707270741.4;571867
13.07.2018;190.2835443;-0.003254072;875471544.3;583011
14.07.2018;191.8768024;0.008373073;822469013.7;430123
15.07.2018;194.1521466;0.01185836;802211447.6;437352
16.07.2018;204.8841303;0.055276153;1003455204;704112
17.07.2018;218.7206464;0.067533372;1204037427;922393
18.07.2018;221.1498757;0.011106539;1738335623;1163169
19.07.2018;224.6969388;0.016039182;1266632467;820559
20.07.2018;222.7704967;-0.008573513;1306760860;835153
21.07.2018;224.5381388;0.007934812;948808546;557043
22.07.2018;225.5565298;0.004535492;837930065.5;498858
23.07.2018;234.4337781;0.039357089;1102903513;651099
24.07.2018;250.0098271;0.066441146;1704889961;925205
25.07.2018;245.191899;-0.019270955;1424339265;852534
26.07.2018;240.9221085;-0.017414077;1318223538;744260
27.07.2018;247.4908145;0.027264854;1168423525;707223
28.07.2018;247.3861948;-0.000422722;976216100;502401
29.07.2018;246.0018432;-0.005595913;920029481.9;489209
30.07.2018;244.3408075;-0.006752127;955614885.1;646984
31.07.2018;235.7710429;-0.035072998;1221402092;731536
01.08.2018;233.4143774;-0.009995568;1182906546;671319
02.08.2018;233.6730711;0.001108302;1100383560;586025
03.08.2018;233.5818615;-0.00039033;2154090762;782192
04.08.2018;222.9567614;-0.045487693;1622266729;638885
05.08.2018;223.594436;0.002860082;1372976381;484080
06.08.2018;223.1603139;-0.001941561;1539512737;601047
07.08.2018;218.8203046;-0.019447944;1687411427;840167
08.08.2018;208.2966312;-0.048092765;2203614423;1089523
09.08.2018;215.2662481;0.033460056;1787697928;850369
10.08.2018;204.6316026;-0.04940229;2007175567;962133
11.08.2018;207.8636568;0.015794502;1826773058;915253
12.08.2018;211.2652807;0.016364688;1440462835;619629
13.08.2018;210.2136041;-0.004977991;2016192690;831389
14.08.2018;210.131574;-0.000390222;2507539152;1007112
15.08.2018;213.5178917;0.016115225;2968437924;1144285
16.08.2018;215.2050031;0.007901499;2972182067;846764
17.08.2018;222.5027195;0.033910534;4307992641;1180961
18.08.2018;218.7774368;-0.016742639;3094054867;1117009
19.08.2018;221.2878726;0.011474839;2025351377;744779
20.08.2018;215.3268304;-0.026937953;2247606659;859116
21.08.2018;221.3160581;0.027814591;2439385943;714897
22.08.2018;217.8662095;-0.015587882;3479594928;1077551
23.08.2018;224.4531126;0.030233706;2288851672;697821
24.08.2018;232.7792391;0.037095171;1659348395;655399
25.08.2018;233.4759374;0.002992957;1549930409;582043
26.08.2018;231.9556234;-0.006511652;1553519351;621889
27.08.2018;239.3838637;0.032024403;2461243472;877611
28.08.2018;245.7784471;0.026712675;2796961544;1042008
29.08.2018;245.468327;-0.001261787;2324298485;967914
30.08.2018;244.2839414;-0.004825004;1869965118;872017
31.08.2018;245.6395882;0.005549471;1574974561;777990
01.09.2018;251.7753487;0.024978712;1661876870;835949
02.09.2018;256.7969236;0.019944665;1516247699;732834
03.09.2018;255.4490623;-0.005248744;1562411057;674703
04.09.2018;258.152339;0.010582449;1763790541;703870
05.09.2018;238.7998252;-0.074965479;2938295674;1170753
06.09.2018;232.4246911;-0.026696561;2570519521;1119749
07.09.2018;228.4868609;-0.016942392;1730528165;783418
08.09.2018;221.0708981;-0.032456846;1535335895;670957
09.09.2018;223.2937798;0.010055063;1500737036;723662
10.09.2018;226.1028681;0.012580235;1654777333;664887
11.09.2018;226.3094557;0.000913689;1639268679;725314
12.09.2018;229.6508634;0.014764773;2049561971;745447
13.09.2018;234.1495176;0.019589102;2368227691;953270
14.09.2018;233.5982664;-0.00235427;1790651045;866480
15.09.2018;235.1975979;0.006846504;1273577200;562036
16.09.2018;233.5776997;-0.006887392;1121545293;571329
17.09.2018;229.375001;-0.017992722;1865347582;853561
18.09.2018;231.0871458;0.007464392;1695094364;762760
19.09.2018;235.6527213;0.019756943;1859314642;757360
20.09.2018;241.2384354;0.023703159;2196212862;845597
21.09.2018;249.4607252;0.034083664;4443803834;1623134
22.09.2018;251.5213724;0.008260407;2162441210;849102
23.09.2018;251.1871343;-0.001328866;1969464066;805236
24.09.2018;247.5830984;-0.014348012;2290762956;844837
25.09.2018;241.8916918;-0.022987864;2589994528;1107079
26.09.2018;242.1903755;0.001234783;2093122270;988481
27.09.2018;249.8982429;0.031825655;2042951766;919885
28.09.2018;246.1935479;-0.014824814;1786818230;960733
29.09.2018;246.2853083;0.000372716;1465518104;780029
30.09.2018;247.6620007;0.005589827;1912531195;773807
01.10.2018;245.8749174;-0.007215815;1656681408;670374
02.10.2018;242.1711706;-0.015063541;1795727595;670786
03.10.2018;235.6550735;-0.026906989;1695619840;668438
04.10.2018;237.7321268;0.008813956;1726924756;482455
05.10.2018;237.7827679;0.000213017;1199804383;441322
06.10.2018;238.3321453;0.002310417;1246985928;385539
07.10.2018;242.2392152;0.016393382;1750358628;392035
08.10.2018;240.5922681;-0.006798846;1987401901;595146
09.10.2018;239.8780409;-0.002968621;1275656193;437019
10.10.2018;239.1051105;-0.003222181;1210911299;457082
11.10.2018;229.5890722;-0.039798557;2261728090;1028552
12.10.2018;230.4346601;0.003683049;1609760476;627330
13.10.2018;230.9279955;0.002140891;737275184;392114
14.10.2018;232.5257488;0.006918837;817412573.3;371319
15.10.2018;244.9117039;0.053267026;2297932996;1472071
16.10.2018;245.1920854;0.001144827;677704341.1;550560
17.10.2018;242.344107;-0.011615295;1194727878;560487
18.10.2018;238.5637309;-0.015599208;1072896211;549286
19.10.2018;234.0096488;-0.019089583;1003923370;399398
20.10.2018;235.0588472;0.004483569;1248125223;365959
21.10.2018;236.0894434;0.004384418;1109005239;338403
22.10.2018;231.3773123;-0.019959093;845590338;405177
23.10.2018;226.7151953;-0.020149413;731082269;345818
24.10.2018;229.5980458;0.012715736;524540497.2;298973
25.10.2018;227.3807419;-0.009657329;383310581.4;260233
26.10.2018;228.7385546;0.005971538;395495955.8;277834
27.10.2018;230.1485452;0.006164202;362156115.7;271186
28.10.2018;229.2253418;-0.004011337;341838861.4;229860
29.10.2018;223.853662;-0.023434057;707270000.2;424698
30.10.2018;225.160243;0.005836764;396133074.9;284789
31.10.2018;226.2571468;0.004871659;493627141.2;340917
01.11.2018;229.3595926;0.013712034;431494112.4;273944
02.11.2018;231.2513993;0.008248213;509662149.1;334977
03.11.2018;231.0431624;-0.000900478;396212802.7;257967
04.11.2018;235.2877202;0.018371276;711407437.4;478345
05.11.2018;231.9482836;-0.014192992;642404290.8;405738
06.11.2018;235.1878351;0.013966698;884300486.1;612608
07.11.2018;237.3825657;0.00933182;771229510.1;535001
08.11.2018;232.8701712;-0.019008955;660277645.8;503784
09.11.2018;229.340937;-0.015155372;542159388.2;392885
10.11.2018;229.9044041;0.002456897;372043128.3;296264
11.11.2018;229.503253;-0.00174486;443332186.1;330350
12.11.2018;228.3315599;-0.005105344;524907869.9;373845
13.11.2018;229.7163205;0.006064692;613773509.6;440172
14.11.2018;216.7929411;-0.056257994;1449945960;1058292
15.11.2018;209.8751092;-0.031909857;1590659573;1107181
16.11.2018;207.4484914;-0.011562199;945747041.5;679505
17.11.2018;207.8836276;0.002097563;702291334.4;484887
18.11.2018;209.3473393;0.007041015;691218224.9;469335
19.11.2018;188.2683757;-0.100688949;2036614978;1205866
20.11.2018;179.4063087;-0.047071458;3138718622;1887480
21.11.2018;180.5699868;0.006486272;2044312549;1095026
22.11.2018;170.3714389;-0.056479751;1011647013;584699
23.11.2018;171.4564771;0.006368663;1312468517;785925
24.11.2018;156.8554696;-0.085158682;1448199869;831200
25.11.2018;160.2533657;0.021662592;2441526209;1336442
26.11.2018;156.1745924;-0.025452029;2089913707;1219632
27.11.2018;155.1083002;-0.006827565;1317771810;835031
28.11.2018;167.6235384;0.080687096;2922877844;1049846
29.11.2018;166.0387181;-0.00945464;2891980432;935541
30.11.2018;158.8099358;-0.043536727;2370956068;810381
01.12.2018;163.873165;0.03188232;1339726949;594831
02.12.2018;161.3754687;-0.015241643;1145668988;511225
03.12.2018;154.4133796;-0.043142177;1275860422;590455
04.12.2018;157.6186729;0.020757873;1277378887;656488
05.12.2018;152.5512528;-0.032149872;1197765630;641874
06.12.2018;144.0269915;-0.055878015;1747891749;902796
07.12.2018;140.8148167;-0.022302589;2153845832;1268105
08.12.2018;141.3419016;0.003743107;1489912653;903116
09.12.2018;144.8037355;0.024492623;1130731200;671185
10.12.2018;141.7927335;-0.020793676;1029821458;595218
11.12.2018;139.8231277;-0.013890738;798927295;505289
12.12.2018;141.1879149;0.009760811;869931622.3;466204
13.12.2018;137.5517602;-0.025754008;761740838.3;501486
14.12.2018;133.1174174;-0.03223763;778868779.9;527304
15.12.2018;132.0615912;-0.00793154;620395654;425510
16.12.2018;132.4149308;0.002675566;678966584.3;423216
17.12.2018;140.5442481;0.061392754;1799718617;906080
18.12.2018;145.25819;0.033540625;1577035565;1012690
19.12.2018;146.138511;0.006060388;2931382185;1421179
20.12.2018;156.1374161;0.06842074;2484548630;1435213
21.12.2018;149.9419733;-0.039679425;3956753500;1336445
22.12.2018;152.5219309;0.017206374;2230155641;797869
23.12.2018;153.1133228;0.003877422;1820954889;1031200
24.12.2018;155.5905367;0.016178957;3073674861;1621278
25.12.2018;147.4487114;-0.052328538;2162866782;1300877
26.12.2018;147.920756;0.003201415;1499472182;990611
27.12.2018;142.3784459;-0.037468103;1368469498;916695
28.12.2018;153.4575622;0.077814562;1645257987;963776
29.12.2018;148.767052;-0.03056552;1407281835;955738
30.12.2018;152.2184633;0.023200105;1064084141;784436
31.12.2018;150.2011391;-0.013252822;911177384.4;657420
01.01.2019;152.3658868;0.014412326;674758544.5;514281
02.01.2019;153.4205323;0.006921795;976992413.8;817226
03.01.2019;151.3909986;-0.013228567;1004709782;707245
04.01.2019;152.2963224;0.005980038;1258673330;723359
05.01.2019;152.7166433;0.002759888;1622620921;793037
06.01.2019;159.2143979;0.042547783;1631507374;903816
07.01.2019;157.9183284;-0.008140403;1405072350;811391
08.01.2019;157.2996989;-0.003917402;2207697905;914748
09.01.2019;159.1483114;0.011752168;2722920794;827521
10.01.2019;145.6054804;-0.085095663;6850062067;1586795
11.01.2019;147.1074543;0.010315367;2846162974;1041700
12.01.2019;146.0933538;-0.006893604;1490276334;650980
13.01.2019;143.2697614;-0.019327316;1585552671;673836
14.01.2019;148.1241803;0.033883067;2943096339;859390
15.01.2019;145.645101;-0.016736493;1929362189;830675
16.01.2019;146.2707893;0.00429598;1324387880;723245
17.01.2019;147.5199678;0.008540177;2046582255;734990
18.01.2019;147.6305214;0.000749415;1161634498;545104
19.01.2019;149.7472624;0.014338099;1124351048;551553
20.01.2019;146.2432369;-0.023399597;1199249371;667766
21.01.2019;145.3199969;-0.006313044;1287973145;525159
22.01.2019;146.0054454;0.004716822;2294833414;656755
23.01.2019;145.3218467;-0.004682009;1619295560;538162
24.01.2019;146.6952994;0.00945111;934999559.8;451725
25.01.2019;145.9020469;-0.005407484;594626937.5;422440
26.01.2019;144.7275005;-0.00805024;1105931669;420109
27.01.2019;144.6535338;-0.000511075;1997611823;570107
28.01.2019;141.3297073;-0.022977846;3177117021;931410
29.01.2019;140.6236909;-0.004995527;1510871930;629721
30.01.2019;141.9129745;0.009168324;1426055435;630722
31.01.2019;141.0088526;-0.00637096;1526581128;690091
01.02.2019;141.4442047;0.003087409;1127326174;574767
02.02.2019;143.4329522;0.014060297;596962600.3;434150
03.02.2019;141.6934122;-0.012127897;608162346.9;447037
04.02.2019;143.0743978;0.009746294;1329189021;487744
05.02.2019;143.1929505;0.000828609;1008623294;494003
06.02.2019;140.0504565;-0.021945871;1062594335;699305
07.02.2019;139.0743824;-0.006969446;618262150;466122
08.02.2019;146.6428315;0.054420152;1389059580;1032974
09.02.2019;146.4693227;-0.001183207;1042512501;746396
10.02.2019;147.0178967;0.003745317;1233595150;769810
11.02.2019;145.5337222;-0.010095197;1120835223;722687
12.02.2019;145.1224539;-0.002825931;905456339.1;727656
13.02.2019;145.1929401;0.000485701;775059499.2;620869
14.02.2019;144.5612918;-0.004350406;519394275.4;533644
15.02.2019;145.0271624;0.003222651;730359491.7;626749
16.02.2019;145.8631667;0.005764467;799955099;518529
17.02.2019;147.633846;0.012139317;714726367;655669
18.02.2019;154.5736942;0.047007163;3138238415;1393294
19.02.2019;153.6851278;-0.005748497;3072104037;1358828
20.02.2019;155.8609242;0.014157495;1674390266;1073012
21.02.2019;155.0693875;-0.005078481;2205476277;829094
22.02.2019;155.3526238;0.001826513;2085128885;702761
23.02.2019;159.5834895;0.027233951;2408972267;932848
24.02.2019;148.3325749;-0.070501746;5221068321;1842344
25.02.2019;148.8698057;0.003621799;2822113390;1247168
26.02.2019;148.5972758;-0.001830659;1912416217;840266
27.02.2019;147.9838082;-0.004128391;2323790620;755496
28.02.2019;147.4079818;-0.003891145;1669414480;833478
01.03.2019;148.3944236;0.006691916;1251405579;677410
02.03.2019;147.4444095;-0.006401953;2652234551;618944
03.03.2019;147.3008529;-0.000973632;1218550364;471443
04.03.2019;144.4234169;-0.019534415;2130518098;771251
05.03.2019;148.7356345;0.029858161;2428969556;971380
06.03.2019;148.5432215;-0.001293658;1457667011;774642
07.03.2019;148.9837874;0.00296591;2032637924;897239
08.03.2019;148.5960122;-0.002602801;3336642788;956034
09.03.2019;149.3742807;0.005237479;2415337273;816990
10.03.2019;148.764752;-0.004080547;1896078677;645410
11.03.2019;147.660412;-0.007423398;2144235616;769357
12.03.2019;147.88102;0.001494023;2589895317;615449
13.03.2019;146.8906573;-0.006697024;2112225006;680878
14.03.2019;147.459713;0.003874009;1908018535;766513
15.03.2019;147.9394039;0.00325303;2044311791;624546
16.03.2019;151.0650936;0.021128176;5168862927;839329
17.03.2019;150.3415396;-0.004789684;2132610422;533449
18.03.2019;149.7354873;-0.00403117;1669455142;596701
19.03.2019;151.4541214;0.011477801;1272792899;626212
20.03.2019;151.5595332;0.000695999;2195677261;665281
21.03.2019;149.8210561;-0.011470589;2891629593;868831
22.03.2019;149.3069819;-0.003431255;2368714154;637267
23.03.2019;150.2693967;0.006445879;3408892791;658543
24.03.2019;149.7370068;-0.003542903;3019447616;705061
25.03.2019;148.3725552;-0.009112321;2635536220;797851
26.03.2019;148.6274656;0.001718043;1886533351;668537
27.03.2019;150.3405249;0.011525859;3355919023;864792
28.03.2019;150.3702178;0.000197504;1786368350;540234
29.03.2019;152.3177164;0.012951358;1837841278;694084
30.03.2019;152.3644295;0.000306682;1555871235;656519
31.03.2019;151.8532626;-0.003354897;1233622122;502678
01.04.2019;152.9334736;0.007113519;1958493027;684009
02.04.2019;171.9685123;0.124466137;5519833819;2100705
03.04.2019;175.0439712;0.017883849;6749731516;2821156
04.04.2019;173.7569404;-0.007352614;3438963516;1747106
05.04.2019;176.5821248;0.016259405;3268616049;1274548
06.04.2019;177.0662939;0.002741892;3337906545;1157132
07.04.2019;179.9706926;0.016402889;2356649718;1186036
08.04.2019;181.1615879;0.006617162;3865413470;1507879
09.04.2019;180.3108367;-0.004696091;2206966339;1044658
10.04.2019;185.7789895;0.030326257;2187727462;1058568
11.04.2019;177.5153334;-0.044481112;3542278324;1489651
12.04.2019;178.1078335;0.00333774;1793065804;870844
13.04.2019;178.7066123;0.003361889;1136997004;534424
14.04.2019;181.6176771;0.016289631;1042171058;554559
15.04.2019;179.0763213;-0.013992888;2419636476;788521
16.04.2019;182.9784698;0.021790422;1569195761;606229
17.04.2019;183.7048611;0.003969819;4506257896;629500
18.04.2019;184.2332974;0.00287655;3136339786;739938
19.04.2019;183.9816872;-0.001365715;1993101394;751302
20.04.2019;184.2315658;0.001358171;1593454204;676966
21.04.2019;182.752715;-0.00802713;2085727406;899645
22.04.2019;184.7627548;0.010998687;1381810821;780826
23.04.2019;188.2083677;0.01864885;1730623190;937962
24.04.2019;185.611928;-0.013795559;2567570949;1250042
25.04.2019;179.9060818;-0.03074073;2127652389;1081635
26.04.2019;183.2786951;0.018746522;1725129393;1110769
27.04.2019;182.6878048;-0.003223999;1017053313;511826
28.04.2019;183.230338;0.002969728;1324337943;483023
29.04.2019;182.210156;-0.005567757;2213262935;744136
30.04.2019;184.6872603;0.013594765;3225027121;759083
01.05.2019;186.1148871;0.007729969;2496757572;623498
02.05.2019;189.2354405;0.016766812;2096643861;679728
03.05.2019;196.6743033;0.039310093;3042988805;1084740
04.05.2019;199.6588132;0.015174885;2670707769;980296
05.05.2019;197.6490747;-0.010065864;1803196258;590812
06.05.2019;197.0973912;-0.002791227;2462557919;854340
07.05.2019;199.6744778;0.013075194;2491373210;993745
08.05.2019;203.5106353;0.019212057;1646568063;707766
09.05.2019;209.0174827;0.027059261;2007705102;803023
10.05.2019;214.3206042;0.025371665;2674693737;1055500
11.05.2019;233.0031479;0.08717101;4566395788;1908440
12.05.2019;230.8269959;-0.009339582;4101795412;1825923
13.05.2019;252.1579081;0.092410821;5948481291;1667092
14.05.2019;256.6846884;0.017952165;8420907952;2310811
15.05.2019;262.364912;0.022129188;6657109378;1527147
16.05.2019;254.3885493;-0.030401789;8662223958;3041379
17.05.2019;241.8652701;-0.049228942;11229852339;2967742
18.05.2019;239.1652173;-0.011163458;6558461567;1504800
19.05.2019;262.1394299;0.096060007;7179870585;2131250
20.05.2019;257.469686;-0.01781397;11212769383;2120337
21.05.2019;255.9122521;-0.006048999;18825342269;2243505
22.05.2019;249.0932179;-0.026645985;9199336554;1794309
23.05.2019;253.4191757;0.017366823;11739516285;1581943
24.05.2019;255.4547565;0.008032466;6016280948;1632682
25.05.2019;256.6820345;0.004804287;4379102835;1040441
26.05.2019;270.3019307;0.053061354;5381386200;1365959
27.05.2019;273.8989532;0.013307424;7429649954;2032258
28.05.2019;273.6097728;-0.001055792;9037235378;1671878
29.05.2019;271.713494;-0.006930596;7592597477;1591768
30.05.2019;262.9400684;-0.032289253;8290911275;2764944
31.05.2019;270.5797823;0.029054963;5171804370;1763841
01.06.2019;270.2410994;-0.001251693;13769187661;1998594
02.06.2019;274.5614455;0.015987006;5779677932;1400854
03.06.2019;259.9469564;-0.053228482;7615433821;1992032
04.06.2019;248.6530046;-0.04344714;10673083517;2444008
05.06.2019;251.4132967;0.01110098;8665007642;1655540
06.06.2019;252.7533899;0.00533024;7142447579;1555117
07.06.2019;258.2493513;0.021744363;4352154960;1311222
08.06.2019;257.1364424;-0.004309435;3278100024;1002751
09.06.2019;250.5237103;-0.025716822;4823095729;1200008
10.06.2019;259.2418642;0.034799715;4453381006;1414755
11.06.2019;256.8402196;-0.009264108;4351931501;1213275
12.06.2019;262.7542537;0.023026122;4308708015;1487746
13.06.2019;265.4154604;0.01012812;5059300144;1453660
14.06.2019;276.8982681;0.043263522;4961369469;1593588
15.06.2019;281.2337883;0.015657448;3438219566;1276745
16.06.2019;284.6535577;0.012159881;5035632311;1664385
17.06.2019;293.3258961;0.030466292;4468230342;1651404
18.06.2019;288.1464907;-0.017657512;3922353413;1559975
19.06.2019;291.7182334;0.012395579;3802408692;1038557
20.06.2019;298.3502491;0.02273432;3487272110;1141380
21.06.2019;314.8010007;0.055139058;3887387073;1521137
22.06.2019;328.6832394;0.044098458;8075688236;2941705
23.06.2019;333.3445236;0.014181691;4964528260;1812004
24.06.2019;337.8062696;0.013384789;3434918762;1404275
25.06.2019;356.9418002;0.056646464;7614926682;1974266
26.06.2019;388.6070475;0.088712634;9601232368;3863155
27.06.2019;346.3010535;-0.108865741;7763734222;3783003
28.06.2019;371.7710281;0.073548649;4146915564;2301881
29.06.2019;360.1200258;-0.031339188;6293634213;2340671
30.06.2019;334.5733828;-0.070939246;9713856524;2237472
01.07.2019;328.8754701;-0.017030382;8850112273;2241458
02.07.2019;336.1276465;0.022051436;4883537031;2315595
03.07.2019;363.8061828;0.082345313;4336997175;1871306
04.07.2019;344.3225332;-0.053555026;4275457284;1581259
05.07.2019;340.3009327;-0.011679748;4837149715;1381152
06.07.2019;347.2200566;0.020332368;3222346341;1141572
07.07.2019;350.9391493;0.010711054;2974826524;1002920
08.07.2019;372.5378367;0.061545392;2991795858;1268386
09.07.2019;380.2426858;0.020682058;2674069372;1534713
10.07.2019;369.3687779;-0.028597284;3652489491;2186220
11.07.2019;350.5908148;-0.050837982;3512828500;2130126
12.07.2019;361.4844277;0.031072157;3186521949;1514150
13.07.2019;351.3444834;-0.028050847;2761768540;1332020
14.07.2019;321.2591356;-0.085629202;3149014719;1856621
15.07.2019;338.6796298;0.054225677;3160048093;2057287
16.07.2019;301.9245242;-0.108524701;3608499570;2213372
17.07.2019;307.9313335;0.019895069;3173651845;2226057
18.07.2019;333.7774696;0.083934739;2930591649;2126403
19.07.2019;330.6804417;-0.009278721;1936202123;1468368
20.07.2019;336.3195358;0.017053001;2558940029;1286297
21.07.2019;332.1722072;-0.012331513;1508605451;1035500
22.07.2019;326.2219481;-0.017913176;2138700970;1135066
23.07.2019;314.0270252;-0.037382288;4002661997;1257744
24.07.2019;311.8141626;-0.007046727;2477647953;1274826
25.07.2019;314.6513769;0.009099055;1746904096;1046178
26.07.2019;313.2417385;-0.004480001;1559059495;913534
27.07.2019;304.043673;-0.029364112;1823254376;1134663
28.07.2019;305.9331914;0.006214628;1202305091;802597
29.07.2019;307.1069923;0.003836788;1232840655;821883
30.07.2019;309.0771644;0.006415263;1011955251;765068
31.07.2019;323.2957033;0.046003201;1329483115;924315
01.08.2019;329.7408499;0.019935763;1551308136;953316
02.08.2019;333.6612342;0.011889289;1965064684;1076273
03.08.2019;341.5203836;0.023554278;1121060297;868460
04.08.2019;344.8154554;0.009648243;1693032562;827783
05.08.2019;368.1626672;0.067709296;4253418268;1442274
06.08.2019;356.4308683;-0.031865803;5281682171;1414423
07.08.2019;367.6764375;0.031550492;5328919114;1356557
08.08.2019;369.4808568;0.004907628;3472144523;1143300
09.08.2019;364.9086892;-0.012374572;5030006983;1055369
10.08.2019;350.3673868;-0.039849154;3508046308;1035941
11.08.2019;354.6705758;0.012281934;3324404376;871225
12.08.2019;351.5333214;-0.008845545;2311651833;689275
13.08.2019;337.5528;-0.039770117;2240067074;814167
14.08.2019;315.2726541;-0.066004921;3204226728;1318172
15.08.2019;323.7450474;0.026873226;1821145443;860689
16.08.2019;325.1976169;0.00448677;2256382417;1084746
17.08.2019;321.504755;-0.011355747;1537044446;734436
18.08.2019;325.1144554;0.011227518;1890600977;706943
19.08.2019;341.0912945;0.049142199;2223709311;819672
20.08.2019;335.7873602;-0.015549897;1530614312;745193
21.08.2019;319.3181263;-0.049046617;1888059877;1014038
22.08.2019;317.7929676;-0.004776298;2072433483;1082434
23.08.2019;323.9900241;0.019500295;1802274718;884612
24.08.2019;316.6345333;-0.022702831;2415706631;793560
25.08.2019;316.2610848;-0.001179431;1954115316;773371
26.08.2019;323.0279613;0.021396488;1734481251;942737
27.08.2019;317.4529285;-0.017258669;1537343580;687761
28.08.2019;304.6512189;-0.040326324;3649231278;997316
29.08.2019;299.0649954;-0.018336455;2055862110;949264
30.08.2019;300.5081118;0.004825427;1437444504;677910
31.08.2019;299.7851485;-0.002405803;1056572290;552707
01.09.2019;303.6970381;0.013048977;843598727.6;517110
02.09.2019;319.5508779;0.052202813;1653436613;843070
03.09.2019;327.9782439;0.026372533;1508783797;948408
04.09.2019;327.4364978;-0.001651774;1319914751;861243
05.09.2019;327.5091703;0.000221944;1611159434;825544
06.09.2019;322.763205;-0.014491091;2146770140;1048526
07.09.2019;326.0476646;0.010176066;1302815159;793699
08.09.2019;325.6048751;-0.001358051;1523389444;785711
09.09.2019;323.127833;-0.007607509;4392269634;927095
10.09.2019;318.0381134;-0.015751412;3110938612;804357
11.09.2019;318.9871517;0.00298404;2543318741;820972
12.09.2019;325.9020503;0.021677671;2344466715;796897
13.09.2019;322.5722004;-0.010217333;2214809421;751752
14.09.2019;324.7734891;0.006824174;2394077438;708465
15.09.2019;323.1829873;-0.004897265;1963876759;571742
16.09.2019;320.8795886;-0.007127228;2397989694;793795
17.09.2019;319.1784128;-0.005301602;3295547376;1092202
18.09.2019;318.5807097;-0.00187263;5235245642;1328986
19.09.2019;320.9009049;0.007282912;4094931054;1508274
20.09.2019;318.1822001;-0.008472101;3118113727;874979
21.09.2019;313.8651982;-0.013567704;2248919925;735725
22.09.2019;315.7185981;0.005905083;2643061953;770728
23.09.2019;307.45451;-0.026175487;3342469868;960227
24.09.2019;274.3398816;-0.107705782;6062553233;2356785
25.09.2019;272.5865721;-0.006391012;3533343806;1620900
26.09.2019;262.6644283;-0.036399973;3261509847;1417419
27.09.2019;264.9585798;0.008734154;2311126350;1044753
28.09.2019;265.7660705;0.003047611;1536058415;803892
29.09.2019;260.9756423;-0.01802498;1768107502;784191
30.09.2019;267.3422548;0.024395428;3116253333;1160749
01.10.2019;268.2521368;0.003403435;3146721061;1043617
02.10.2019;269.7524872;0.00559306;1619658936;686048
03.10.2019;266.1108651;-0.013499865;1812991370;710235
04.10.2019;263.8515938;-0.008489962;2136362051;699939
05.10.2019;262.650511;-0.004552115;1917776772;639702
06.10.2019;255.9433423;-0.025536477;2483459470;845814
07.10.2019;264.6984908;0.03420737;3515656480;1245926
08.10.2019;264.2477505;-0.001702844;3195279354;1045913
09.10.2019;275.1708781;0.041336691;5263218211;1432771
10.10.2019;274.9741281;-0.00071501;3975607627;1079007
11.10.2019;267.2735967;-0.028004567;4101398729;1216220
12.10.2019;268.3248429;0.003933222;2155205665;757019
13.10.2019;268.0136778;-0.001159658;2479266589;848298
14.10.2019;269.7969094;0.006653509;3533567880;953077
15.10.2019;264.3367865;-0.0202379;2783846727;1139285
16.10.2019;259.5682123;-0.018039768;2760656126;1119442
17.10.2019;262.2139791;0.010192954;3452473025;992691
18.10.2019;258.9280396;-0.012531519;3027965293;997731
19.10.2019;259.2802286;0.001360181;3541206896;839270
20.10.2019;267.3773861;0.031229367;4200441471;920673
21.10.2019;266.4398698;-0.003506341;2798934872;919263
22.10.2019;262.0673746;-0.016410814;3033046062;959634
23.10.2019;246.5369628;-0.059261142;3508871132;1544879
24.10.2019;244.9880516;-0.006282673;2466788371;1039702
25.10.2019;279.4271026;0.14057441;4795323296;2067074
26.10.2019;295.7209074;0.058311469;5866025413;2861630
27.10.2019;303.9135305;0.027703902;6583384418;2275728
28.10.2019;295.7186715;-0.026964443;7475664285;2122653
29.10.2019;301.3554291;0.019061216;5525522601;1587827
30.10.2019;294.2121516;-0.023703829;7865064810;1532600
31.10.2019;293.5966971;-0.002091873;4738056573;1319440
01.11.2019;295.9779517;0.008110632;3954593235;1238277
02.11.2019;297.6340472;0.005595334;2734575295;894093
03.11.2019;295.1897013;-0.008212588;2330545793;850836
04.11.2019;300.8902925;0.019311619;3706446048;1205726
05.11.2019;299.6438052;-0.004142664;5371119758;1490809
06.11.2019;300.0044546;0.001203594;4174771363;1229769
07.11.2019;297.1160927;-0.00962773;10855521561;1397924
08.11.2019;285.3107618;-0.039733058;5316278525;1460066
09.11.2019;285.5830728;0.000954436;2821946200;846976
10.11.2019;292.6161814;0.02462719;3598921983;1085304
11.11.2019;282.0817825;-0.03600074;3962200346;1080089
12.11.2019;284.9826655;0.010283837;6772882397;1164341
13.11.2019;284.249883;-0.002571323;3775215253;798123
14.11.2019;280.7155711;-0.01243382;5133531810;994743
15.11.2019;276.1855873;-0.016137273;7692667615;1268240
16.11.2019;276.7152782;0.00191788;4486357801;730701
17.11.2019;276.4728626;-0.000876047;3224608081;759901
18.11.2019;267.5568062;-0.032249301;5669949278;1146301
19.11.2019;266.1260714;-0.005347406;5252302223;1096499
20.11.2019;265.8808332;-0.000921512;4702986459;912592
21.11.2019;253.0263375;-0.048346831;4987376127;1281910
22.11.2019;243.3384567;-0.038288033;8727598354;2314223
23.11.2019;244.6060121;0.005209022;5954159526;1257090
24.11.2019;233.4089611;-0.045775862;6964768126;1320898
25.11.2019;239.1081695;0.024417265;8585400956;1864554
26.11.2019;240.4035606;0.005417594;5845339782;1130320
27.11.2019;250.5677766;0.042279806;7381913246;1487858
28.11.2019;248.2634662;-0.009196356;3789551506;1004728
29.11.2019;257.3526367;0.036610987;3290240563;1052362
30.11.2019;252.2491056;-0.019830887;3702049653;853721
01.12.2019;248.9424748;-0.013108593;6393365481;1042009
02.12.2019;246.0888498;-0.01146299;7114397372;904220
03.12.2019;246.476225;0.001574127;5597738912;772815
04.12.2019;243.9482056;-0.010256646;7523231415;1356378
05.12.2019;249.4824444;0.022686122;5504343164;1078442
06.12.2019;252.9982666;0.014092463;5604013496;926248
07.12.2019;252.08917;-0.003593292;4509256714;712387
08.12.2019;252.5414298;0.001794047;4889676894;705389
09.12.2019;247.7147027;-0.019112615;4172063598;909217
10.12.2019;244.1908409;-0.014225485;11889179802;1209833
11.12.2019;243.8685961;-0.001319643;4066260249;707817
12.12.2019;244.1269311;0.00105932;4336610070;881309
13.12.2019;245.7609993;0.006693519;5173920163;777424
14.12.2019;240.0673243;-0.023167528;4682575811;734089
15.12.2019;241.9336744;0.007774278;3914589562;694091
16.12.2019;235.0525181;-0.028442325;4939368602;1082482
17.12.2019;227.6743563;-0.031389418;5579888179;1424760
18.12.2019;248.4763888;0.091367481;7207831374;1896346
19.12.2019;244.9066842;-0.014366373;3871213573;1097833
20.12.2019;245.2117318;0.001245567;5539755538;919388
21.12.2019;244.0840341;-0.004598874;4843794370;647774
22.12.2019;254.7536147;0.043712735;6308899120;954379
23.12.2019;250.1576165;-0.018040954;6212624423;1232876
24.12.2019;248.2679581;-0.007553871;4881067175;897780
25.12.2019;246.3965036;-0.007538043;3459982082;697264
26.12.2019;245.7233301;-0.002732074;4521874374;892790
27.12.2019;247.5717737;0.007522459;3208354590;842305
28.12.2019;249.4315127;0.007511919;3046937655;732550
29.12.2019;251.9413851;0.010062371;3407938234;848000
30.12.2019;248.5910656;-0.013298012;2973072283;798871
31.12.2019;246.6900259;-0.007647257;3051407408;731130
01.01.2020;247.3475343;0.002665322;3034504911;558086
02.01.2020;240.2928018;-0.028521539;3549049907;807289
03.01.2020;251.3417051;0.045981;5177423954;1338076
04.01.2020;251.9837532;0.002554483;2949850154;797622
05.01.2020;251.9593027;-9.70E-05;3124468544;952881
06.01.2020;263.2859508;0.044954276;4950783223;1392307
07.01.2020;274.4355131;0.04234773;4787711412;1724850
08.01.2020;273.1539048;-0.004669979;4949010515;1999679
09.01.2020;266.349209;-0.024911582;2688343912;1188925
10.01.2020;276.7773729;0.039152224;3950061216;1721226
11.01.2020;273.1325974;-0.013168618;3431486616;1509265
12.01.2020;277.6378647;0.016494799;3154324498;1115447
13.01.2020;275.7273481;-0.006881326;2606093257;915570
14.01.2020;296.1676737;0.074132384;7867759476;3396414
15.01.2020;296.805901;0.002154953;7253541386;3315272
16.01.2020;294.4908933;-0.007799736;4546982891;2205174
17.01.2020;300.1507128;0.019218997;7901982952;3296757
18.01.2020;301.0794295;0.003094168;4172904705;2477470
19.01.2020;295.5983516;-0.018204757;5245594129;2413459
20.01.2020;293.2582256;-0.007916573;2890560633;1569919
21.01.2020;295.7363233;0.008450224;3064901200;1409160
22.01.2020;294.6653174;-0.003621489;1957212175;1189281
23.01.2020;288.6893505;-0.020280523;3188084432;1615561
24.01.2020;290.3962609;0.00591262;2798712542;1583347
25.01.2020;288.6726929;-0.005935228;2131679532;982843
26.01.2020;298.0778422;0.032580668;2181416024;1286760
27.01.2020;306.0993826;0.026910891;3584531698;1911000
28.01.2020;320.6207608;0.047440077;5415192089;2252954
29.01.2020;318.6455528;-0.006160574;4658333417;2112721
30.01.2020;325.3035896;0.020894805;5082606483;2189680
31.01.2020;320.8191811;-0.013785303;4990729415;1916818
01.02.2020;320.702213;-0.000364592;4125900661;1499336
02.02.2020;319.2191923;-0.004624292;5753455702;1889116
03.02.2020;319.784074;0.001769573;5008137687;1851083
04.02.2020;316.0261862;-0.011751329;6798794160;2092601
05.02.2020;327.682039;0.036882554;6620375065;2553547
06.02.2020;331.126769;0.010512416;8082408005;2696822
07.02.2020;332.5393744;0.004266056;7560908011;2434838
08.02.2020;335.1866327;0.007960736;7643008823;2221280
09.02.2020;343.3592727;0.024382357;6325472287;2128348
10.02.2020;336.2765442;-0.020627748;7047528276;2542758
11.02.2020;347.2932233;0.032760772;7917277702;2595745
12.02.2020;351.4584728;0.011993466;13087087804;3464092
13.02.2020;348.8721169;-0.007358923;13034708314;4008156
14.02.2020;351.492418;0.007510778;8963367042;2670705
15.02.2020;340.9295109;-0.030051593;11633257672;3492909
16.02.2020;341.3564811;0.001252371;12457842344;3942758
17.02.2020;335.5008564;-0.017153987;10795678067;3890793
18.02.2020;346.9744337;0.034198355;10502180302;3078173
19.02.2020;331.6432825;-0.044185248;5483332994;2504169
20.02.2020;332.6569845;0.003056604;7823906712;3080305
21.02.2020;334.9663007;0.006942034;4565044377;2171825
22.02.2020;334.9635944;-8.08E-06;2636704681;1540078
23.02.2020;341.4444458;0.019347928;3329212762;1738504
24.02.2020;334.9318178;-0.019073756;5164479343;2400681
25.02.2020;325.736407;-0.027454575;5809547114;2560319
26.02.2020;311.564021;-0.043508756;9163881272;4099650
27.02.2020;314.5265889;0.009508697;6679030219;3233672
28.02.2020;310.0765388;-0.014148407;5179646639;2730876
29.02.2020;305.5930957;-0.01445915;3288110496;1725843
01.03.2020;306.7487556;0.003781695;3888800712;1973245
02.03.2020;318.8511293;0.039453701;3772411270;2065480
03.03.2020;315.0078333;-0.012053575;3858364406;2014549
04.03.2020;314.3251297;-0.002167259;5112851070;1803457
05.03.2020;323.6318647;0.029608625;5124642600;2195898
06.03.2020;326.8360334;0.009900659;3872188265;1766372
07.03.2020;321.2903209;-0.016967874;5237079004;1699594
08.03.2020;297.4113759;-0.074322018;7361048440;2972199
09.03.2020;294.8331774;-0.008668796;10255890995;3608834
10.03.2020;293.7135523;-0.003797487;6503030205;2599751
11.03.2020;295.2775128;0.005324782;6122871263;2569549
12.03.2020;201.1689857;-0.318712137;19286018239;6930638
13.03.2020;226.6081841;0.12645686;22332683874;8934296
14.03.2020;213.7263437;-0.056846316;7711812407;3425831
15.03.2020;219.7443133;0.02815736;7420711915;3056872
16.03.2020;207.6964595;-0.054826692;12680047649;5006989
17.03.2020;217.3226338;0.046347321;7015069180;3196443
18.03.2020;220.9957756;0.016901791;5144884491;2850043
19.03.2020;249.0961771;0.127153569;9069715963;4118191
20.03.2020;249.7617294;0.002671869;11354454305;5097460
21.03.2020;248.2207184;-0.006169924;7193417439;3120782
22.03.2020;236.4534741;-0.047406374;5838941690;2838180
23.03.2020;259.3328267;0.096760484;6832451019;3081468
24.03.2020;269.9727342;0.041028001;6195471291;2768034
25.03.2020;267.9939409;-0.007329604;5439076406;2375612
26.03.2020;270.1847398;0.008174807;4407067020;1837863
27.03.2020;257.5359984;-0.046815158;6350376328;1961632
28.03.2020;254.5548575;-0.011575628;5984643682;2147217
29.03.2020;242.1783616;-0.048620152;3778853989;1417776
30.03.2020;258.4474579;0.067178158;5082655425;1985210
31.03.2020;259.5603555;0.004306088;4681644359;1486498
01.04.2020;265.8023962;0.024048514;5924799408;1907513
02.04.2020;270.8056362;0.018823156;6795612445;2669594
03.04.2020;269.2464395;-0.005757623;4388488090;2033588
04.04.2020;274.1912547;0.018365387;3841079147;1633735
05.04.2020;272.1044328;-0.007610826;3279722188;1243024
06.04.2020;289.9850439;0.065712311;7713654144;2773305
07.04.2020;287.3937431;-0.008935981;10262479270;2981930
08.04.2020;292.0934794;0.016352953;5372358574;2390793
09.04.2020;288.2336467;-0.013214375;4879742199;2132506
10.04.2020;274.9766385;-0.045993965;6301171290;2954624
11.04.2020;274.6194357;-0.00129903;3688779991;1676537
12.04.2020;275.5589713;0.003421228;3546924280;1926634
13.04.2020;272.5317775;-0.010985648;4595155328;2427390
14.04.2020;274.3692759;0.006742327;3264724304;1749322
15.04.2020;266.666555;-0.028074284;3392188504;1645315
16.04.2020;283.3116476;0.062419123;6208036563;2895332
17.04.2020;282.6647822;-0.002283229;2828768680;1542412
18.04.2020;291.0261188;0.029580397;3682579959;1712674
19.04.2020;286.5066052;-0.015529581;3312743015;1730396
20.04.2020;275.8152994;-0.037316088;5715712108;2569573
21.04.2020;277.2132987;0.005068607;3662683170;1703125
22.04.2020;286.2387571;0.032557812;3399165880;1556414
23.04.2020;297.0687344;0.037835468;6350970367;2594555
24.04.2020;298.2531434;0.003986986;6337826925;1938467
25.04.2020;299.0684922;0.002733747;5248197975;1729983
26.04.2020;303.1310446;0.01358402;6242878270;1896400
27.04.2020;306.5011768;0.01111774;5810510160;2089651
28.04.2020;303.5178223;-0.009733583;4283972929;1701367
29.04.2020;336.8424941;0.109794778;9834611598;3798006
30.04.2020;331.074766;-0.017122923;10207144230;4344850
01.05.2020;338.3718492;0.02204059;5749624001;2414016
02.05.2020;344.1516123;0.017081099;5908170425;1851110
03.05.2020;340.6943682;-0.010045701;15758946654;2359872
04.05.2020;339.7872789;-0.002662472;17942208710;2532064
05.05.2020;344.875107;0.014973569;7912796842;2022850
06.05.2020;348.1028877;0.009359274;7853345743;2334579
07.05.2020;374.4811622;0.075777236;10141139712;2934931
08.05.2020;368.1499711;-0.016906568;7472139143;2586217
09.05.2020;360.8809072;-0.019744844;5667542778;2328613
10.05.2020;334.7598127;-0.072381481;11743852532;4303202
11.05.2020;329.5482099;-0.015568185;9198768393;3160697
12.05.2020;337.6447841;0.02456871;6533405542;1987853
13.05.2020;353.5925228;0.047232297;6506131736;1957085
14.05.2020;368.2726846;0.041517173;7819165485;2546658
15.05.2020;352.6628488;-0.042386624;7040110492;2318755
16.05.2020;354.6777898;0.005713505;5146059247;1640231
17.05.2020;363.5449358;0.025000568;3742179161;1627551
18.05.2020;364.8202726;0.003508058;5175120333;1970516
19.05.2020;367.9772633;0.008653551;4895514357;1765482
20.05.2020;359.6735348;-0.022565874;6020173390;1942834
21.05.2020;345.6345127;-0.03903268;8059661172;2421668
22.05.2020;349.8578815;0.012219175;8012835747;2074417
23.05.2020;349.3813455;-0.001362085;5269778632;1416949
24.05.2020;334.3140392;-0.043125675;11848788874;1944370
25.05.2020;341.1212746;0.020361799;13785293810;1939707
26.05.2020;338.8233528;-0.006736378;10506846228;1831633
27.05.2020;350.8151299;0.035392416;8004316589;1874315
28.05.2020;363.2134969;0.035341597;9726791837;2055349
29.05.2020;359.0114521;-0.011569077;7092980503;1804122
30.05.2020;368.2618005;0.025766165;10659675815;2300775
31.05.2020;359.8714398;-0.022783684;17438517122;2737357
01.06.2020;382.9875322;0.064234306;13923714681;2846152
02.06.2020;362.5958385;-0.053243753;15344921407;3140380
03.06.2020;365.8046519;0.008849559;9483924557;1820057
04.06.2020;369.525248;0.010170992;8515675378;2125406
05.06.2020;364.3635328;-0.013968505;6642128622;1795505
06.06.2020;365.4477167;0.002975555;6697607220;1397601
07.06.2020;367.2529574;0.004939806;7346296386;1801436
08.06.2020;369.7386096;0.006768229;5910884889;1375406
09.06.2020;369.4672523;-0.000733916;6119576477;1561534
10.06.2020;370.6411079;0.003177157;9524778267;1835159
11.06.2020;351.4006482;-0.051911295;19400470817;2995297
12.06.2020;357.2016259;0.016508159;9230458138;1754154
13.06.2020;358.1257918;0.002587239;7282745977;1254898
14.06.2020;353.8727904;-0.011875719;8259831360;1316886
15.06.2020;356.1367143;0.006397564;12157868891;2519867
16.06.2020;358.7536767;0.007348196;8333354026;1579710
17.06.2020;355.6883216;-0.008544456;7203557688;1620302
18.06.2020;352.6924982;-0.008422608;6313833055;1403417
19.06.2020;350.2863751;-0.006822156;6851070312;1415803
20.06.2020;351.4581874;0.003345298;5146161106;1124718
21.06.2020;349.6488112;-0.005148198;5665320928;1018173
22.06.2020;360.9635176;0.032360203;8248764047;1716036
23.06.2020;359.0052064;-0.005425233;6415161617;1590047
24.06.2020;348.7150143;-0.028663072;7272658254;1973802
25.06.2020;348.0333637;-0.00195475;5486257420;1527074
26.06.2020;345.8967122;-0.006139215;4848165631;1539163
27.06.2020;340.0867918;-0.016796692;6704509870;1734516
28.06.2020;343.9117261;0.011246936;5275397336;1217150
29.06.2020;346.0161403;0.006119053;5795753020;1422164
30.06.2020;344.1179817;-0.005485752;3480849267;1057616
01.07.2020;347.0131331;0.008413252;6010554473;1362150
02.07.2020;342.0195319;-0.014390237;10308774214;1870608
03.07.2020;341.0350384;-0.002878471;8828513789;1519630
04.07.2020;342.0137129;0.002869718;10126088369;1487112
05.07.2020;339.8364969;-0.006365873;20837839279;1882913
06.07.2020;348.6602941;0.025964831;16577921515;2372566
07.07.2020;345.1798928;-0.009982213;14982671825;2201189
08.07.2020;348.8325827;0.010581989;47346497542;3719992
09.07.2020;341.6866264;-0.020485347;47066805224;3209398
10.07.2020;342.828176;0.003340926;26664352563;2552917
11.07.2020;343.2468398;0.001221206;14120931772;2202692
12.07.2020;346.0824544;0.008261153;8358607965;2212445
13.07.2020;345.1554036;-0.002678699;18185110369;3286038
14.07.2020;345.6342255;0.001387265;10775761354;2622424
15.07.2020;344.0224454;-0.004663254;8389585628;2293570
16.07.2020;341.4699952;-0.007419429;12482828676;2996265
17.07.2020;341.5947134;0.000365239;9195607156;2073081
18.07.2020;341.873805;0.000817025;13195538422;1797431
19.07.2020;344.2280296;0.006886239;9728865374;1761501
20.07.2020;342.4713688;-0.005103189;10445863626;2233112
21.07.2020;349.6809263;0.021051563;11013605527;2483792
22.07.2020;353.4069636;0.010655535;9009280366;2128413
23.07.2020;356.5773929;0.008971044;6837507430;2422064
24.07.2020;353.8769347;-0.007573274;5581962652;2158671
25.07.2020;358.1373763;0.012039331;8663513180;2606582
26.07.2020;365.9347668;0.021772066;8781378613;3128877
27.07.2020;400.4992843;0.094455408;16399761166;5458007
28.07.2020;395.8084866;-0.011712375;10947224914;4164132
29.07.2020;401.933392;0.015474416;8767585531;3220838
30.07.2020;401.7356231;-0.000492044;8202650674;2816446
31.07.2020;408.6903905;0.017311802;8184924455;2921813
01.08.2020;422.1556687;0.032947381;14159078551;4201615
02.08.2020;401.252716;-0.049514798;15540617078;6044185
03.08.2020;406.0272974;0.011899188;7899248977;3345687
04.08.2020;405.4974376;-0.001304986;8803850713;3305210
05.08.2020;421.4646002;0.039376729;9010168192;3248270
06.08.2020;422.041204;0.001368095;9850693608;3270964
07.08.2020;416.469504;-0.013201791;13231371037;3633695
08.08.2020;421.2658711;0.011516731;11110537226;3112123
09.08.2020;419.1100943;-0.005117378;9557472814;3518538
10.08.2020;423.9484862;0.011544441;13571888545;4624829
11.08.2020;409.7470251;-0.033498082;12870461765;4949756
12.08.2020;415.4224885;0.01385114;10838586595;4504075
13.08.2020;422.4212661;0.016847373;13270699903;5657717
14.08.2020;422.0903614;-0.000783353;12977762421;4648138
15.08.2020;425.3686564;0.007766809;12009181450;4387274
16.08.2020;425.9591675;0.001388234;11630272285;4107621
17.08.2020;436.7195008;0.02526142;15321431322;5122831
18.08.2020;426.8350044;-0.022633513;13889145539;4975566
19.08.2020;422.1446708;-0.010988634;15163290930;5126702
20.08.2020;424.6818332;0.006010173;9877255941;3881889
21.08.2020;415.7844933;-0.020950602;14022263102;6551963
22.08.2020;420.1427113;0.010481916;8912240282;4310113
23.08.2020;420.0011453;-0.000336947;5809199238;3340162
24.08.2020;422.7572222;0.00656207;7299913073;3331966
25.08.2020;410.4845025;-0.029030183;9621831241;4563147
26.08.2020;414.1068239;0.008824502;7769570019;3835090
27.08.2020;410.101973;-0.009671057;9320968927;4262767
28.08.2020;416.1924186;0.014851052;7080171840;3269931
29.08.2020;414.6221949;-0.003772831;7094923483;3139001
30.08.2020;422.1816664;0.018232192;8414354392;3855060
31.08.2020;421.2972533;-0.002094864;12115667763;3900259
01.09.2020;427.7537048;0.015325169;14944678764;5565267
02.09.2020;412.3801902;-0.035940109;18869639790;6156301
03.09.2020;376.9104835;-0.08601215;26272223539;7344305
04.09.2020;385.7718678;0.023510581;24351972290;6736102
05.09.2020;376.9355934;-0.02290544;18710918546;6751997
06.09.2020;379.8388299;0.007702209;13933800839;4991108
07.09.2020;383.8204775;0.010482466;12739656024;4471720
08.09.2020;376.9555722;-0.017885719;16121319449;4306845
09.09.2020;379.2541688;0.006097792;9170391786;3198734
10.09.2020;382.2651591;0.007939241;10258226710;3574112
11.09.2020;384.1180792;0.004847212;11177330017;2941474
12.09.2020;385.9640326;0.004805692;8620380806;2899852
13.09.2020;382.7211745;-0.00840197;12330172825;3900671
14.09.2020;392.0331573;0.024330984;10157581675;3750614
15.09.2020;394.1119932;0.005302704;10998752789;3814884
16.09.2020;399.6156678;0.013964748;12308286023;3707813
17.09.2020;399.513343;-0.000256058;9277783426;4185670
18.09.2020;398.7917109;-0.001806278;9731427057;4658570
19.09.2020;404.1091335;0.013333834;7689762468;3273087
20.09.2020;399.1901254;-0.012172474;7855647341;3118624
21.09.2020;383.9966789;-0.038060677;13476933786;4822684
22.09.2020;387.6466015;0.009505089;7179906684;3406437
23.09.2020;379.6215703;-0.020701926;8894948094;3706646
24.09.2020;394.9081911;0.040268051;8420179081;3744643
25.09.2020;393.0916547;-0.004599895;8239529360;3523936
26.09.2020;395.1824731;0.005318908;5693843826;2517366
27.09.2020;396.9329501;0.004429541;5935779518;2559579
28.09.2020;395.0515239;-0.004739909;8123134514;3113081
29.09.2020;399.3050037;0.010766899;7649233365;2820345
30.09.2020;399.2628405;-0.000105592;5939080251;2439542
01.10.2020;395.3738666;-0.009740385;8608034424;3300942
02.10.2020;393.2738985;-0.005311348;8027136868;3192352
03.10.2020;392.9438043;-0.00083935;4686777357;1616162
04.10.2020;396.7452884;0.009674371;4948398325;1802016
05.10.2020;400.4704444;0.009389288;5855187422;2044816
06.10.2020;394.8015514;-0.014155584;7224110768;3267744
07.10.2020;397.080044;0.005771235;6449947665;2626939
08.10.2020;405.0950683;0.020184908;6813894322;3056720
09.10.2020;409.4668313;0.010791943;7654384295;2865063
10.10.2020;416.8617905;0.018059971;6879277180;2815772
11.10.2020;420.27866;0.008196648;5792927034;2321943
12.10.2020;425.4945734;0.012410608;6929247805;3256378
13.10.2020;423.7901603;-0.004005722;5916232925;2716957
14.10.2020;424.6908401;0.002125296;5565093800;2579483
15.10.2020;426.787737;0.004937467;4793599356;2651663
16.10.2020;422.4689321;-0.010119328;4877373637;2967246
17.10.2020;424.23479;0.004179853;2894788660;1626456
18.10.2020;428.6620061;0.010435769;2993093427;1502816
19.10.2020;436.0743879;0.017291903;4374247827;2413069
20.10.2020;440.9115082;0.01109242;7452682530;3052921
21.10.2020;468.1749899;0.061834362;6170185982;4037235
22.10.2020;474.1968076;0.012862323;5766755759;3470699
23.10.2020;473.3481204;-0.001789736;5075355445;2616331
24.10.2020;479.9195877;0.013882948;4028103010;1960242
25.10.2020;477.6595706;-0.004709158;3449877016;2198030
26.10.2020;479.265823;0.003362756;6943359890;3056968
27.10.2020;497.7821972;0.038634873;6843534987;2994270
28.10.2020;487.7521794;-0.02014941;5468736611;3538313
29.10.2020;493.891958;0.012587906;5288911753;2859772
30.10.2020;497.7915931;0.007895725;5277753499;3339932
31.10.2020;505.303089;0.01508964;3509802709;2502427
01.11.2020;503.8621943;-0.002851545;3861696568;1831954
02.11.2020;497.492106;-0.012642521;4286767594;2706497
03.11.2020;513.5788002;0.032335577;5062933293;3262818
04.11.2020;517.9901462;0.008589424;6795073034;3574534
05.11.2020;562.3230379;0.085586361;7301734637;4816062
06.11.2020;561.9783561;-0.00061296;10170474025;5510033
07.11.2020;538.6799494;-0.041457836;11147063241;6855745
08.11.2020;559.4157711;0.038493769;4444300351;3589955
09.11.2020;555.9470545;-0.006200606;5427791602;4511541
10.11.2020;552.4817757;-0.006233109;6550471046;4158621
11.11.2020;564.06168;0.020959794;4983390612;4229932
12.11.2020;581.4607589;0.030846057;4958194341;4197865
13.11.2020;582.6895066;0.002113208;5287959962;4269095
14.11.2020;574.8894635;-0.013386277;4624097756;3541594
15.11.2020;571.9655933;-0.005085969;4510027212;3647145
16.11.2020;595.7928468;0.041658543;6017586867;4241012
17.11.2020;626.3457017;0.051281003;8503766662;5847303
18.11.2020;629.803151;0.005520034;8423666965;6812515
19.11.2020;631.6382065;0.002913697;6637509346;5215637
20.11.2020;658.3063126;0.04222054;7388498111;5743842
21.11.2020;662.0750898;0.00572496;18649838281;8027351
22.11.2020;653.8607389;-0.012406978;18565749842;8169932
23.11.2020;649.1295244;-0.007235814;17051188975;8653823
24.11.2020;672.4334377;0.035900252;32541541204;12821644
25.11.2020;658.5957305;-0.020578553;25193124757;10360602
26.11.2020;614.9414308;-0.066283909;27795906367;13376665
27.11.2020;601.6437096;-0.02162437;10874412220;6609429
28.11.2020;623.703159;0.036665304;10640512968;5570470
29.11.2020;634.9212719;0.017986301;7897352028;4751065
30.11.2020;679.2700512;0.069849257;11293882655;6698407
01.12.2020;653.048985;-0.038601829;13540015293;8473388
02.12.2020;667.1117647;0.021534035;7980093403;5657299
03.12.2020;674.3073246;0.010786139;7529511870;4681796
04.12.2020;658.1429453;-0.023971828;8986217775;5648671
05.12.2020;673.7582968;0.023726383;5500274254;3864862
06.12.2020;680.9665338;0.01069855;5882568195;3474323
07.12.2020;674.061346;-0.010140275;6712896782;3466298
08.12.2020;655.2902138;-0.02784781;7808468835;4872283
09.12.2020;662.1460797;0.010462335;10685917609;5446073
10.12.2020;653.2361365;-0.013456159;5916330931;3716565
11.12.2020;647.0097029;-0.009531674;7157818192;4308788
12.12.2020;668.2964973;0.032900271;5953724817;3830406
13.12.2020;678.997073;0.016011719;6185966342;3720912
14.12.2020;680.0816934;0.001597386;7303469315;3447171
15.12.2020;687.6059217;0.011063713;5783292301;3999326
16.12.2020;743.9896675;0.082000087;10385092386;6475787
17.12.2020;788.2274183;0.059460168;18494480233;9934318
18.12.2020;798.197422;0.012648639;11332190041;6882375
19.12.2020;818.312336;0.025200425;12678309400;7144403
20.12.2020;807.0890041;-0.013715218;20993682974;7777507
21.12.2020;783.1129995;-0.029706767;21014868583;7453580
22.12.2020;816.7801036;0.042991374;14479594871;7519152
23.12.2020;798.9680265;-0.021807678;20660260865;11213186
24.12.2020;812.6002434;0.017062281;16257076092;8331254
25.12.2020;842.2754676;0.036518847;12742660897;7861298
26.12.2020;894.85274;0.062422894;12633114320;7479204
27.12.2020;889.8334457;-0.005609073;19147157395;10215032
28.12.2020;915.0707254;0.028361802;13460297944;7851195
29.12.2020;923.1704147;0.008851435;20161653210;9462282
30.12.2020;967.0260498;0.04750546;12537926786;7759988
31.12.2020;967.3105569;0.000294208;9455923007;6487368
01.01.2021;982.4632077;0.015664722;13607232535;7181753
02.01.2021;1067.197826;0.086247116;70601171075;9415776
03.01.2021;1093.797116;0.024924422;65082867001;12150276
04.01.2021;1063.758197;-0.027462971;39164305457;14842611
05.01.2021;1121.951048;0.054704961;27693537092;12763462
06.01.2021;1205.311184;0.074299264;33366660631;14554107
07.01.2021;1283.494371;0.064865561;30935613680;15646650
08.01.2021;1315.044696;0.024581585;29525413031;13929051
09.01.2021;1300.057962;-0.011396369;39071571587;11180419
10.01.2021;1245.021828;-0.0423336;31001644207;14813590
11.01.2021;1168.990659;-0.061068141;32727644622;19442523
12.01.2021;1129.871607;-0.033463956;19614219347;11583434
13.01.2021;1227.290406;0.086221123;28051956627;10499344
14.01.2021;1281.26931;0.043982178;24384701495;10345034
15.01.2021;1213.241198;-0.053094312;33120473919;13558994
16.01.2021;1193.805697;-0.016019486;23229611113;12988417
17.01.2021;1185.556146;-0.006910296;22095233618;11682049
18.01.2021;1209.977039;0.020598681;16837121240;10034651
19.01.2021;1186.830275;-0.01912992;17251329720;11954157
20.01.2021;1177.693561;-0.007698417;19681260027;12078459
21.01.2021;1048.912262;-0.109350431;19058392066;12928475
22.01.2021;1107.923528;0.056259487;17614103534;12431591
23.01.2021;1083.520087;-0.022026286;12280071069;8906804
24.01.2021;1088.581137;0.004670933;13182210219;8631172
25.01.2021;1090.303328;0.001582051;13113607227;10612428
26.01.2021;1096.208068;0.005415686;11399187464;9155842
27.01.2021;1034.3309;-0.056446555;13215728870;10320104
28.01.2021;1123.890641;0.086587127;1.29174E+11;13048859
29.01.2021;1150.319443;0.023515457;1.66197E+11;23217682
30.01.2021;1149.335017;-0.000855785;87191763833;15821235
31.01.2021;1116.254271;-0.02878251;67401624507;14548936
01.02.2021;1129.814416;0.0121479;51423704247;16110686
02.02.2021;1184.14126;0.048084751;32358291014;12510458
03.02.2021;1245.966124;0.052210717;31857097311;11688405
04.02.2021;1229.259245;-0.013408775;66695294507;16415841
05.02.2021;1265.601567;0.029564408;38040345998;16008259
06.02.2021;1288.151842;0.017817831;36599568442;15298802
07.02.2021;1281.030001;-0.005528728;58690934917;17510844
08.02.2021;1490.490857;0.16350972;83644386713;19381668
09.02.2021;1492.525874;0.001365333;68661668018;19475044
10.02.2021;1456.532625;-0.024115661;50641282524;24603389
11.02.2021;1540.841333;0.057883157;40227458121;18901530
12.02.2021;1523.882181;-0.011006423;49854416973;19303043
13.02.2021;1525.08989;0.000792521;37453384381;18813287
14.02.2021;1562.172735;0.024315186;30989731954;16170294
15.02.2021;1545.988719;-0.01035994;37300873966;20341301
16.02.2021;1580.097696;0.022062889;24868118042;14368335
17.02.2021;1655.767368;0.047889236;41254736969;15464280
18.02.2021;1646.234578;-0.005757324;35578216718;15263199
19.02.2021;1758.243136;0.068039245;39916535571;19453920
20.02.2021;1760.411159;0.001233062;60207256599;24704989
21.02.2021;1798.685359;0.021741626;79408393727;16876821
22.02.2021;1711.519659;-0.048460783;62142659583;26006257
23.02.2021;1577.078706;-0.078550633;59382097211;29458978
24.02.2021;1599.61064;0.014287133;40729245258;19271869
25.02.2021;1532.946216;-0.041675406;28200259667;16251631
26.02.2021;1510.6173;-0.014566014;25478880013;17205331
27.02.2021;1507.282021;-0.002207891;19916767878;14488977
28.02.2021;1485.345812;-0.014553487;23162943102;14187660
01.03.2021;1598.938999;0.076475919;24005949878;14716809
02.03.2021;1571.07226;-0.017428269;17200220295;14072580
03.03.2021;1624.188191;0.033808713;17965596894;14753498
04.03.2021;1575.468311;-0.02999645;22862894491;16167198
05.03.2021;1585.978578;0.006671202;34155128570;13297454
06.03.2021;1590.364151;0.002765216;21506159469;9801363
07.03.2021;1644.69116;0.034160107;16624642122;10730789
08.03.2021;1676.250454;0.019188583;23968193346;13450694
09.03.2021;1741.06174;0.038664441;26950930604;16979121
10.03.2021;1770.600017;0.016965669;26366585285;16406848
11.03.2021;1814.143661;0.024592592;19816423064;16134786
12.03.2021;1803.63149;-0.005794564;23806676559;17959348
13.03.2021;1904.731085;0.056053355;78287556648;16918000
14.03.2021;1846.925931;-0.030348197;99065932559;15218074
15.03.2021;1762.960838;-0.045462079;91552783337;19112302
16.03.2021;1795.787893;0.018620411;58476321626;17784609
17.03.2021;1852.907;0.031807268;43095900300;17040781
18.03.2021;1819.519573;-0.018018944;26949336685;16408215
19.03.2021;1832.123398;0.006927007;41717954595;13760321
20.03.2021;1840.879901;0.004779429;42169124223;13856829
21.03.2021;1825.500647;-0.008354295;31802736833;12450004
22.03.2021;1744.905724;-0.04414949;27469998427;15626104
23.03.2021;1751.886936;0.00400091;27352085232;14743417
24.03.2021;1702.773949;-0.028034336;28610400139;17782070
25.03.2021;1677.627265;-0.014768069;29537310583;15012345
26.03.2021;1774.866692;0.057962474;47705210435;13486205
27.03.2021;1802.101003;0.015344426;43124494375;12853712
28.03.2021;1805.529584;0.001902547;23818152065;14438142
29.03.2021;1858.545217;0.029362927;45596419248;14689479
30.03.2021;1885.204653;0.014344249;73791608096;15663254
31.03.2021;1883.655818;-0.000821574;51991336327;18852810
01.04.2021;1882.640172;-0.000539189;45195010964;19792418
02.04.2021;1879.712152;-0.001555273;52705998975;18573575
03.04.2021;1833.645201;-0.02450745;62833523677;19880588
04.04.2021;1868.862709;0.019206283;54729124853;15912977
05.04.2021;1891.163908;0.011933032;57613990488;24156716
06.04.2021;1860.597225;-0.016162895;65035841911;26709122
07.04.2021;1807.223275;-0.028686461;53457818526;27901198
08.04.2021;1859.772458;0.029077305;30356507978;17736412
09.04.2021;1868.212447;0.004538184;23140720322;16622807
10.04.2021;1902.620735;0.01841776;39915498288;22489051
11.04.2021;1909.615503;0.003676386;56176320524;21344829
12.04.2021;1899.262232;-0.005421652;31823693691;21997105
13.04.2021;2006.148248;0.05627765;44139143766;25893050
14.04.2021;1991.213405;-0.007444536;81127739539;34913874
15.04.2021;1998.771798;0.003795873;65099109603;27469089
16.04.2021;1958.727365;-0.02003452;1.07189E+11;48561475
17.04.2021;1930.455241;-0.014433925;81280522439;36344095
18.04.2021;1839.122494;-0.047311507;60011526221;41454372
19.04.2021;1835.467563;-0.001987323;50081015079;34142566
20.04.2021;1854.758674;0.010510189;53950414884;32588690
21.04.2021;1789.64949;-0.035103857;31005236941;26560505
22.04.2021;1736.560314;-0.029664566;44125994805;32694608
23.04.2021;1725.943251;-0.006113847;79683120517;36550254
24.04.2021;1703.195113;-0.013180119;51738212062;19369076
25.04.2021;1686.192872;-0.009982556;27903877311;16605862
26.04.2021;1804.304333;0.070046234;40291540480;25202790
27.04.2021;1837.029654;0.018137362;45807943494;23174822
28.04.2021;1830.456835;-0.00357796;46532013606;26114631
29.04.2021;1802.6678;-0.015181475;24192756134;21404229
30.04.2021;1922.23956;0.066330446;27357405344;22490881
01.05.2021;1926.035309;0.001974649;24920045378;20144801
02.05.2021;1893.956941;-0.01665513;21583398520;18228543
03.05.2021;1916.882022;0.012104331;24049072339;24171545
04.05.2021;1825.217772;-0.047819453;45620535248;38732622
05.05.2021;1921.799203;0.052915018;47735814526;39112190
06.05.2021;1901.04183;-0.010801011;38665244765;43346807
07.05.2021;1925.570714;0.012902864;48891134608;41581690
08.05.2021;1966.965963;0.021497652;27628784385;29623603
09.05.2021;1961.290842;-0.002885216;43887504356;36354676
10.05.2021;1902.127825;-0.030165346;9.53361E+13;40228537
11.05.2021;1931.76838;0.015582841;6.45379E+13;33643898
12.05.2021;1766.121839;-0.085748655;8.6935E+13;40468461
13.05.2021;1777.31064;0.006335237;9.12927E+13;45023258
14.05.2021;1768.812487;-0.004781467;4.09553E+13;31875085
15.05.2021;1696.580211;-0.040836593;4.37507E+13;32817381
16.05.2021;1687.299076;-0.005470496;6.16669E+13;33638095
17.05.2021;1609.183304;-0.04629634;6.0183E+13;34227013
18.05.2021;1590.920347;-0.011349209;2.79977E+13;30911747
19.05.2021;1432.025177;-0.099876258;9.0605E+13;67475810
20.05.2021;1537.281434;0.073501681;6.72479E+13;46574279
21.05.2021;1451.270447;-0.05595006;5.46402E+13;39700160
22.05.2021;1455.826002;0.003139012;4.6345E+13;28052440
23.05.2021;1381.49392;-0.051058356;6.05889E+13;39841613
24.05.2021;1493.671323;0.08120007;6.69555E+13;38937774
25.05.2021;1488.066455;-0.003752411;4.31342E+13;33154880
26.05.2021;1512.828359;0.016640321;2.99154E+13;31493123
27.05.2021;1494.095837;-0.01238245;2.13995E+13;24909283
28.05.2021;1414.394454;-0.053344224;2.29964E+13;29105123
29.05.2021;1387.062637;-0.019324041;1.5492E+13;21494039
30.05.2021;1420.053981;0.023785042;1.28638E+13;19224444
31.05.2021;1463.940325;0.030904701;2.90255E+13;20909548
01.06.2021;1452.169111;-0.008040774;2.36397E+13;19864237
02.06.2021;1469.079692;0.01164505;3.74305E+13;21548651
03.06.2021;1514.069314;0.030624357;2.5331E+13;22357755
04.06.2021;1450.927976;-0.04170307;2.76088E+13;24166202
05.06.2021;1418.279111;-0.022502057;1.51549E+13;17831386
06.06.2021;1429.96084;0.008236551;8.728E+12;10841497
07.06.2021;1364.584518;-0.04571896;1.43314E+13;16756006
08.06.2021;1357.087233;-0.005494188;3.24276E+13;21566368
09.06.2021;1472.229462;0.08484512;2.13483E+13;19249804
10.06.2021;1452.647392;-0.013300963;1.59946E+13;14536480
11.06.2021;1469.097734;0.011324388;1.66647E+13;12937797
12.06.2021;1422.888072;-0.031454451;2.81964E+13;12738698
13.06.2021;1516.853898;0.066038804;2.07744E+13;12553883
14.06.2021;1556.103497;0.025875662;1.72534E+13;14563070
15.06.2021;1551.415837;-0.003012435;5.57665E+13;13780097
16.06.2021;1500.002399;-0.033139689;4.62367E+13;12986311
17.06.2021;1497.724614;-0.001518521;2.76119E+13;11051039
18.06.2021;1438.905791;-0.039272121;2.36041E+13;12082727
19.06.2021;1433.959129;-0.003437794;3.35191E+13;8773841
20.06.2021;1439.077006;0.003569054;2.52144E+13;11606964
21.06.2021;1324.167217;-0.079849646;3.47787E+13;21044890
22.06.2021;1355.492298;0.023656439;4.12569E+13;26147560
23.06.2021;1384.070626;0.021083357;2.2119E+13;16706060
24.06.2021;1418.394118;0.024798946;1.46041E+13;12543222
25.06.2021;1328.160237;-0.063616931;4.16403E+13;15645602
26.06.2021;1349.468128;0.016043163;2.18716E+13;11835166
27.06.2021;1422.647803;0.054228532;1.19346E+13;10464413
28.06.2021;1416.951137;-0.00400427;1.85167E+13;12604750
29.06.2021;1460.541059;0.03076318;4.60562E+13;15580562
30.06.2021;1436.940278;-0.01615893;3.24703E+13;13919394
01.07.2021;1389.496606;-0.03301715;1.59999E+13;11269457
02.07.2021;1399.374591;0.007109039;9.61782E+12;9137097
03.07.2021;1431.263475;0.022787954;1.10084E+13;8712646
04.07.2021;1450.229863;0.0132515;1.00228E+13;10000483
05.07.2021;1405.326016;-0.030963262;1.2076E+13;10628734
06.07.2021;1429.767266;0.017391872;2.47735E+13;12398094
07.07.2021;1419.777166;-0.006987221;1.07413E+13;11867223
08.07.2021;1385.236773;-0.024328038;1.47077E+13;12603249
09.07.2021;1416.345689;0.022457471;8.93761E+12;10834926
10.07.2021;1408.0613;-0.005849129;7.19675E+12;8314228
11.07.2021;1425.994394;0.012736018;5.48444E+12;6616270
12.07.2021;1389.865839;-0.025335692;7.73964E+12;8340895
13.07.2021;1382.814376;-0.005073484;8.11425E+12;8626724
14.07.2021;1383.744919;0.000672934;1.18834E+13;10245623
15.07.2021;1351.309545;-0.023440284;8.95308E+12;10814779
16.07.2021;1339.831476;-0.008494034;6.05609E+12;9605339
17.07.2021;1348.669033;0.006596021;7.1255E+12;8118177
18.07.2021;1361.907478;0.009815933;6.13247E+12;7089066
19.07.2021;1332.899078;-0.021299831;8.55051E+12;7731695
20.07.2021;1304.257729;-0.02148801;1.02246E+13;10104740
21.07.2021;1383.536749;0.06078478;1.52034E+13;13600601
22.07.2021;1387.941477;0.003183673;8.03312E+12;10684851
23.07.2021;1433.226281;0.032627315;8.81843E+12;12786710
24.07.2021;1449.070026;0.011054602;9.48445E+12;12708403
25.07.2021;1491.64904;0.029383683;7.14277E+12;10080033
26.07.2021;1548.283491;0.037967678;1.92521E+13;23786623
27.07.2021;1612.228693;0.041300706;9.65604E+12;15141832
28.07.2021;1630.980122;0.01163075;7.9135E+12;14451469
29.07.2021;1631.889238;0.000557405;8.70281E+12;11318952
30.07.2021;1699.669664;0.041534943;6.66045E+12;13982492
31.07.2021;1683.356834;-0.009597648;5.31881E+12;12046240
01.08.2021;1623.461779;-0.035580724;1.09742E+13;15428593
02.08.2021;1602.950751;-0.012634131;6.26846E+12;11734683
03.08.2021;1578.011631;-0.015558257;5.23E+12;11822289
04.08.2021;1621.979328;0.02786272;5.51297E+12;12374020
05.08.2021;1656.911092;0.021536504;6.27226E+12;15118761
06.08.2021;1713.065862;0.033891239;7.96405E+12;14870280
07.08.2021;1766.07944;0.030946608;3.14674E+13;21017455
08.08.2021;1729.112876;-0.020931428;4.30084E+13;16735922
09.08.2021;1809.180133;0.046305397;2.02102E+13;16320837
10.08.2021;1783.505214;-0.014191466;1.22531E+13;19477244
11.08.2021;1772.108815;-0.006389888;2.29962E+13;27020460
12.08.2021;1740.10948;-0.018057207;1.67694E+13;22266012
13.08.2021;1839.603599;0.05717693;1.12404E+13;18317857
14.08.2021;1821.876356;-0.009636447;1.70291E+13;20786032
15.08.2021;1823.499093;0.000890695;1.85013E+13;20405336
16.08.2021;1803.649353;-0.010885522;3.72106E+13;26112671
17.08.2021;1777.164169;-0.01468422;2.63368E+13;25566012
18.08.2021;1777.038234;-7.09E-05;1.8285E+13;21919637
19.08.2021;1843.450414;0.037372398;1.11628E+13;21554353
20.08.2021;1915.889202;0.039295219;1.10153E+13;21361279
21.08.2021;1897.0179;-0.009849892;9.19792E+12;21318731
22.08.2021;1920.491084;0.012373728;7.67765E+12;17942499
23.08.2021;1930.857394;0.005397739;8.23195E+12;24104727
24.08.2021;1883.42707;-0.024564385;1.31474E+13;22301968
25.08.2021;1917.665969;0.018179042;1.09223E+13;18799032
26.08.2021;1869.627812;-0.025050326;9.84588E+12;17547464
27.08.2021;1925.304599;0.02977961;1.01254E+13;17203521
28.08.2021;1921.733954;-0.001854587;5.55251E+12;12398425
29.08.2021;1937.78121;0.008350405;5.57461E+12;14450679
30.08.2021;1893.344535;-0.02293173;6.4038E+12;19622985
31.08.2021;1901.318677;0.00421167;8.46293E+12;23582208
01.09.2021;1944.974043;0.022960573;8.01788E+12;21562181
02.09.2021;1978.753435;0.017367528;7.58795E+12;20840682
03.09.2021;2013.332992;0.017475425;8.19783E+12;23224237
04.09.2021;2009.281008;-0.002012575;1.44959E+13;21761342
05.09.2021;2064.976144;0.027718938;8.38027E+12;23006752
06.09.2021;2094.94667;0.014513739;9.94163E+12;27851785
07.09.2021;1933.82861;-0.076907953;2.42237E+13;49924473
08.09.2021;1913.975325;-0.01026631;4.70553E+13;33364360
09.09.2021;1917.252354;0.001712158;3.24985E+13;32400154
10.09.2021;1862.119204;-0.028756335;1.78338E+13;28932506
11.09.2021;1875.115048;0.006979061;7.82142E+12;20705471
12.09.2021;1905.866423;0.016399727;8.09682E+12;22919440
13.09.2021;1885.743127;-0.010558608;9.52469E+12;29514760
14.09.2021;1946.633041;0.032289612;6.27851E+12;19760432
15.09.2021;1976.410613;0.015296962;6.12134E+12;18055733
16.09.2021;1970.843744;-0.002816656;5.18771E+13;22555941
17.09.2021;1957.802565;-0.006617053;5.8149E+13;17954426
18.09.2021;1989.441473;0.016160418;1.68084E+13;15440544
19.09.2021;1962.757071;-0.013413011;2.00217E+13;13741435
20.09.2021;1839.451649;-0.062822559;2.20896E+13;27509876
21.09.2021;1764.513602;-0.04073934;1.36891E+13;23488706
22.09.2021;1859.076749;0.053591623;8.69335E+12;18977673
23.09.2021;1898.016706;0.020945857;1.32591E+13;16998497
24.09.2021;1841.95584;-0.02953655;1.52741E+13;23446498
25.09.2021;1839.328552;-0.001426358;6.27406E+12;13538894
26.09.2021;1854.261945;0.008118937;6.73133E+12;17737018
27.09.2021;1815.454209;-0.020928939;4.76936E+12;13674992
28.09.2021;1790.620757;-0.01367892;5.60769E+12;12236235
29.09.2021;1807.715143;0.009546626;4.04009E+12;11687565
30.09.2021;1882.998857;0.041645784;5.35038E+12;12425490
01.10.2021;2007.595887;0.066169467;7.68156E+12;21059833
02.10.2021;1991.600067;-0.00796765;9.26204E+12;18183939
03.10.2021;2010.720109;0.009600342;1.92296E+13;17292557
04.10.2021;2041.748769;0.015431616;1.36661E+14;21387265
05.10.2021;2102.326239;0.029669404;1.86005E+14;21811766
06.10.2021;2217.793174;0.054923414;1.90732E+14;29422889
07.10.2021;2175.995929;-0.018846322;2.46289E+14;29265689
08.10.2021;2166.99554;-0.004136216;1.38546E+14;24792910
09.10.2021;2213.793599;0.021595826;6.95654E+13;18699053
10.10.2021;2209.059425;-0.002138489;3.61968E+13;18509559
11.10.2021;2288.344764;0.035890994;7.26639E+13;17346378
12.10.2021;2254.265421;-0.014892573;4.94128E+13;17953864
13.10.2021;2299.890205;0.020239313;2.80442E+13;19173480
14.10.2021;2301.399502;0.000656247;2.64513E+13;17408785
15.10.2021;2438.331805;0.05949958;4.45757E+13;24368353
16.10.2021;2427.783925;-0.004325859;1.85576E+13;15350862
17.10.2021;2450.20902;0.009236858;2.20913E+13;15025861
18.10.2021;2466.108251;0.006488928;4.03337E+13;16023615
19.10.2021;2537.858871;0.029094676;1.54358E+13;12807385
20.10.2021;2597.099801;0.023342878;1.50243E+13;19010658
21.10.2021;2488.600416;-0.041777134;1.36644E+13;26238288
22.10.2021;2447.808046;-0.016391691;1.07614E+13;20911066
23.10.2021;2457.490788;0.003955679;4.14311E+13;15047295
24.10.2021;2441.873986;-0.006354775;1.22524E+14;24041501
25.10.2021;2508.823622;0.027417318;5.58169E+13;20613647
26.10.2021;2440.212816;-0.0273478;6.5322E+13;28007050
27.10.2021;2391.657095;-0.01989815;1.59437E+14;49925663
28.10.2021;2449.733362;0.024282857;1.37446E+14;45933670
29.10.2021;2497.294644;0.019414881;5.76722E+13;30518002
30.10.2021;2493.210014;-0.001635622;3.28764E+13;36044735
31.10.2021;2476.408035;-0.006739095;3.1596E+13;41722220
01.11.2021;2469.99903;-0.002588025;2.94585E+13;34642211
02.11.2021;2542.790748;0.029470343;1.87705E+13;33855912
03.11.2021;2527.099941;-0.006170703;2.8408E+13;39442088
04.11.2021;2489.023419;-0.01506728;7.04492E+13;35230837
05.11.2021;2476.919018;-0.004863113;6.48789E+13;30009417
06.11.2021;2493.115846;0.006539103;3.45703E+13;23192260
07.11.2021;2551.627807;0.023469411;1.63647E+13;17888721
08.11.2021;2680.780381;0.050615758;2.41888E+13;30512673
09.11.2021;2669.73689;-0.004119506;1.59894E+13;37003201
10.11.2021;2604.73645;-0.024347133;2.328E+13;47204051
11.11.2021;2606.0602;0.000508209;2.89712E+13;28924386
12.11.2021;2586.971725;-0.007324649;1.50972E+13;30059883
13.11.2021;2575.798453;-0.004319054;8.25689E+12;21217778
14.11.2021;2606.519246;0.011926707;1.29477E+13;17369736
15.11.2021;2543.231483;-0.024280566;1.29415E+13;21466981
16.11.2021;2447.50301;-0.037640488;2.15681E+13;35321195
17.11.2021;2454.437262;0.002833194;1.22096E+13;26178890
18.11.2021;2351.368727;-0.041992736;2.10336E+13;35385061
19.11.2021;2381.439572;0.012788656;2.42895E+13;26130566
20.11.2021;2423.929953;0.017842309;1.47181E+13;21565913
21.11.2021;2394.924585;-0.011966257;9.85253E+12;23098035
22.11.2021;2339.859448;-0.022992431;1.08932E+13;25862461
23.11.2021;2379.301445;0.016856567;1.14244E+13;26707342
24.11.2021;2371.623752;-0.003226869;2.33255E+13;34367767
25.11.2021;2432.104866;0.025501985;3.83239E+13;38290950
26.11.2021;2285.53607;-0.060264176;2.50324E+13;39879697
27.11.2021;2299.007962;0.005894412;1.37885E+13;19882385
28.11.2021;2377.650216;0.034207038;1.34458E+13;22083066
29.11.2021;2390.365324;0.005347762;2.2999E+13;21094180
30.11.2021;2357.797657;-0.013624556;5.75066E+13;27968835
01.12.2021;2366.528732;0.003703064;2.19061E+13;22182246
02.12.2021;2351.092276;-0.006522826;1.36184E+13;20925680
03.12.2021;2271.672655;-0.033779882;1.79097E+13;26120446
04.12.2021;2139.79723;-0.058052125;3.04764E+13;42568546
05.12.2021;2147.425165;0.003564793;1.71167E+13;20399549
06.12.2021;2175.274279;0.012968607;1.65856E+13;23383436
07.12.2021;2173.752633;-0.000699519;1.29439E+13;19195333
08.12.2021;2169.175722;-0.002105534;8.28307E+12;19485632
09.12.2021;2077.822216;-0.042114387;7.47901E+12;18138126
10.12.2021;2059.35862;-0.008886033;7.0323E+12;15854839
11.12.2021;2131.206917;0.034888677;6.19033E+12;12477876
12.12.2021;2164.857327;0.015789368;9.8779E+12;11024228
13.12.2021;2066.880679;-0.045257786;1.11635E+13;15877863
14.12.2021;2124.747454;0.027997154;1.05848E+13;16260333
15.12.2021;2137.88385;0.006182568;8.22111E+12;18637681
16.12.2021;2101.597534;-0.016973006;6.44551E+12;14185892
17.12.2021;2050.4622;-0.024331649;8.8149E+12;15614168
18.12.2021;2069.485706;0.009277667;4.73301E+12;11652464
19.12.2021;2062.600329;-0.003327096;3.67058E+12;10527857
20.12.2021;2065.734152;0.001519355;1.41826E+13;14166747
21.12.2021;2132.861825;0.032495795;1.02164E+13;12720267
22.12.2021;2124.03734;-0.004137392;1.72281E+13;16849049
23.12.2021;2188.583204;0.030388291;1.39115E+13;21331500
24.12.2021;2194.903343;0.002887776;1.23775E+13;17549486
25.12.2021;2187.473075;-0.003385237;7.07975E+12;11858685
26.12.2021;2206.135759;0.008531618;7.54563E+12;15134136
27.12.2021;2200.944633;-0.00235304;7.59212E+12;16034015
28.12.2021;2098.132526;-0.046712719;1.17063E+13;19436239
29.12.2021;2078.562634;-0.009327291;7.58455E+12;14619567
30.12.2021;2094.439555;0.007638413;5.95912E+12;11878839
31.12.2021;2073.791174;-0.009858666;5.63586E+12;12705441
01.01.2022;2117.142695;0.020904477;3.33898E+12;9218302
02.01.2022;2103.424652;-0.006479508;3.295E+12;9625192
03.01.2022;2085.268659;-0.008631635;4.06583E+12;13611166
04.01.2022;2063.655989;-0.010364454;4.14537E+12;16266025
05.01.2022;1992.600323;-0.034431934;7.42478E+12;22636901
06.01.2022;1982.641329;-0.004997988;6.62169E+12;17781527
07.01.2022;1932.495246;-0.025292564;7.89354E+12;21260247
08.01.2022;1937.586017;0.002634299;7.03562E+12;15151480
09.01.2022;1947.912105;0.005329357;4.39387E+12;11314587
10.01.2022;1935.541863;-0.006350514;7.42224E+12;15785214
11.01.2022;1962.933432;0.014151887;6.33843E+12;13875207
12.01.2022;2000.139417;0.018954278;1.04731E+13;15026181
13.01.2022;1951.664613;-0.024235713;1.07629E+13;15686454
14.01.2022;1968.160239;0.00845208;9.97335E+12;14485845
15.01.2022;1961.939991;-0.003160438;4.28569E+12;9821267
16.01.2022;1956.359478;-0.002844385;3.77848E+12;10854207
17.01.2022;1919.907705;-0.018632452;4.82877E+12;13735185
18.01.2022;1934.051918;0.007367132;5.80263E+12;13054465
19.01.2022;1905.28476;-0.014874036;4.12731E+12;11813661
20.01.2022;1877.054139;-0.014817009;4.85401E+12;12688720
21.01.2022;1735.400309;-0.075466033;1.3247E+13;23432502
22.01.2022;1700.73736;-0.019974037;2.62181E+13;26545837
23.01.2022;1741.706592;0.0240891;1.84517E+13;14770874
24.01.2022;1755.510749;0.00792565;2.13053E+13;20895729
25.01.2022;1764.886821;0.005340937;1.06151E+13;13282801
26.01.2022;1758.072561;-0.003861018;1.15126E+13;18092052
27.01.2022;1768.596066;0.00598582;7.94613E+12;13230948
28.01.2022;1782.293899;0.007745031;4.68655E+12;10509811
29.01.2022;1804.188737;0.01228464;4.89762E+12;8663843
30.01.2022;1783.917125;-0.01123586;4.23796E+12;8335898
31.01.2022;1802.978676;0.010685222;4.40813E+12;10103136
01.02.2022;1805.997723;0.001674478;4.24534E+12;9774571
02.02.2022;1745.923973;-0.03326347;4.68322E+12;10906956
03.02.2022;1753.254981;0.004198928;3.74801E+12;9785206
04.02.2022;1904.656059;0.086354284;6.08278E+12;12950655
05.02.2022;1887.978202;-0.008756362;7.8941E+12;13724726
06.02.2022;1923.06122;0.018582322;1.81887E+13;12597616
07.02.2022;1963.861184;0.021216154;3.77402E+13;19348459
08.02.2022;1982.636578;0.009560448;2.99281E+13;19750966
09.02.2022;1998.176879;0.0078382;1.83954E+13;12639043
10.02.2022;1966.258466;-0.015973768;1.53432E+13;16239764
11.02.2022;1933.614594;-0.016602025;1.31821E+13;13447534
12.02.2022;1927.126915;-0.003355208;1.09156E+13;9785067
13.02.2022;1917.994615;-0.004738816;1.32265E+13;7525671
14.02.2022;1937.552276;0.010196932;9.47398E+12;8621286
15.02.2022;1997.1115;0.030739415;9.48851E+12;10775375
16.02.2022;1974.874642;-0.01113451;7.42756E+12;10331007
17.02.2022;1872.135934;-0.052022901;1.47317E+13;12302304
18.02.2022;1852.834836;-0.010309667;9.61141E+12;10132032
19.02.2022;1853.850357;0.00054809;5.89988E+12;7421932
20.02.2022;1797.186331;-0.030565588;8.39911E+12;9372041
21.02.2022;1750.301739;-0.026087775;1.50489E+13;14257343
22.02.2022;1788.670656;0.021921315;1.13535E+13;11182216
23.02.2022;1744.863957;-0.024491205;1.42437E+13;10349288
24.02.2022;1789.355182;0.025498392;3.00231E+13;22030889
25.02.2022;1820.897365;0.017627681;1.36063E+13;12348432
26.02.2022;1817.779623;-0.001712201;8.15529E+12;9557212
27.02.2022;1770.748326;-0.025872937;9.3392E+12;11337331
28.02.2022;1957.377045;0.105395395;1.18726E+13;13415214
01.03.2022;1999.492196;0.021516116;1.53475E+13;15948210
02.03.2022;1984.357115;-0.007569462;1.02447E+13;13410218
03.03.2022;1934.553623;-0.025098049;7.10075E+12;10872685
04.03.2022;1820.612201;-0.058898043;7.74373E+12;11388060
05.03.2022;1826.173415;0.003054584;5.09288E+12;7136808
06.03.2022;1794.694708;-0.017237523;4.4662E+12;7687830
07.03.2022;1778.929281;-0.008784462;6.65734E+12;10529024
08.03.2022;1795.501598;0.009315894;5.04382E+12;9239023
09.03.2022;1908.277266;0.062810118;7.18038E+12;11643485
10.03.2022;1826.585615;-0.04280911;7.13741E+12;12453238
11.03.2022;1807.063207;-0.010687924;6.09423E+12;10160791
12.03.2022;1807.271473;0.000115251;3.19904E+12;7810230
13.03.2022;1772.231078;-0.019388562;5.08917E+12;8740901
14.03.2022;1843.588437;0.040264139;4.55622E+12;8566559
15.03.2022;1827.174872;-0.008903052;4.1195E+12;9008953
16.03.2022;1892.23152;0.035605047;6.53636E+12;14553991
17.03.2022;1888.116844;-0.002174509;4.2789E+12;12612162
18.03.2022;1914.983719;0.014229456;5.14897E+12;15647641
19.03.2022;1924.080787;0.004750467;1.46761E+13;12383463
20.03.2022;1892.36222;-0.01648505;8.67255E+12;11226155
21.03.2022;1889.260975;-0.001638822;5.55432E+12;12228664
22.03.2022;1932.043285;0.022644998;7.47178E+12;14039726
23.03.2022;1957.390416;0.013119339;9.11313E+12;14415742
24.03.2022;1993.398915;0.018396177;9.38845E+12;15229303
25.03.2022;2006.223091;0.006433321;8.60656E+12;13732614
26.03.2022;2017.171034;0.005456992;3.74511E+12;9621321
27.03.2022;2098.208958;0.040174047;7.45682E+12;17133859
28.03.2022;2109.710579;0.005481638;2.34136E+13;23049759
29.03.2022;2112.459208;0.001302847;1.20613E+13;20700380
30.03.2022;2106.375772;-0.002879789;1.04125E+13;23531748
31.03.2022;2058.163943;-0.022888523;9.50545E+12;28274923
01.04.2022;2078.447841;0.009855336;8.03968E+12;23152728
02.04.2022;2063.066986;-0.007400164;1.11163E+13;20715112
03.04.2022;2089.056536;0.012597531;6.81632E+12;16143127
04.04.2022;2096.029926;0.003338057;8.2092E+12;17509129
05.04.2022;2061.616618;-0.016418329;1.13257E+13;15450712
06.04.2022;1987.611239;-0.03589677;9.15549E+12;22493475
07.04.2022;2003.583507;0.008035911;4.85511E+12;13422749
08.04.2022;1964.60742;-0.019453188;4.27087E+12;14406868
09.04.2022;1988.048676;0.011931776;3.09196E+12;8288254
10.04.2022;1969.710901;-0.009224007;3.99716E+12;8692228
11.04.2022;1878.170161;-0.046474201;6.20478E+12;15114165
12.04.2022;1889.925223;0.006258785;3.77656E+13;13830828
13.04.2022;1928.962635;0.020655532;1.71376E+13;10136536
14.04.2022;1892.233585;-0.01904083;1.10055E+13;10388355
15.04.2022;1916.108908;0.012617534;3.66287E+12;7224099
16.04.2022;1913.684181;-0.001265443;2.81892E+12;5813996
17.04.2022;1892.291261;-0.011178919;3.96201E+12;7235042
18.04.2022;1930.99733;0.020454604;7.11369E+12;13370663
19.04.2022;1956.685431;0.013303023;4.76285E+12;11936470
20.04.2022;1954.479958;-0.001127147;6.19716E+12;15065589
21.04.2022;1927.963682;-0.013566921;5.32104E+12;16125112
22.04.2022;1905.338225;-0.011735416;3.90905E+12;10717362
23.04.2022;1897.145569;-0.004299843;3.00349E+12;8361679
24.04.2022;1893.152546;-0.002104753;2.65079E+12;8098940
25.04.2022;1929.624777;0.019265342;9.95239E+12;14870608
26.04.2022;1857.75814;-0.03724384;7.628E+12;14399533
27.04.2022;1901.054914;0.023305926;6.88104E+12;11442273
28.04.2022;1920.801177;0.010387003;4.67069E+12;12835676
29.04.2022;1880.209617;-0.021132619;7.97749E+12;14460393
30.04.2022;1847.152068;-0.017581843;8.74441E+12;14863270
01.05.2022;1879.525067;0.017525898;8.29731E+12;13666930
02.05.2022;1883.238651;0.00197581;6.88497E+12;11828388
03.05.2022;1854.426306;-0.015299359;4.86306E+12;9993326
04.05.2022;1927.348513;0.039323324;7.03685E+12;14723998
05.05.2022;1818.459047;-0.056497029;8.25688E+12;18292924
06.05.2022;1803.045694;-0.008476052;6.82784E+12;13311004
07.05.2022;1794.522363;-0.004727185;5.09753E+12;10224953
08.05.2022;1742.782418;-0.028832154;7.17877E+12;12249481
09.05.2022;1587.503206;-0.08909845;2.22564E+13;23313037
10.05.2022;1627.169102;0.024986341;2.61522E+13;25982112
11.05.2022;1547.218456;-0.049134811;2.82694E+13;37474387
12.05.2022;1543.239547;-0.002571653;2.71001E+13;33633766
13.05.2022;1553.372622;0.006566106;2.69774E+13;22985820
14.05.2022;1590.448699;0.023868116;1.36193E+13;14604948
15.05.2022;1638.964899;0.030504725;7.10424E+12;11816158
16.05.2022;1584.344159;-0.033326364;7.49472E+12;12927791
17.05.2022;1608.520033;0.015259231;8.22466E+12;10980588
18.05.2022;1539.699324;-0.042785111;5.91177E+12;11058960
19.05.2022;1604.797955;0.042280093;5.47651E+12;11752169
20.05.2022;1575.70987;-0.0181257;4.38258E+12;11369383
21.05.2022;1588.801772;0.008308574;3.066E+12;6830406
22.05.2022;1621.741191;0.02073224;3.64201E+12;7671342
23.05.2022;1573.220794;-0.029918706;7.77734E+12;12255610
24.05.2022;1591.469626;0.011599664;5.35802E+12;9039451
25.05.2022;1585.235308;-0.003917334;4.54652E+12;8373280
26.05.2022;1569.401003;-0.009988615;9.23375E+12;14073070
27.05.2022;1547.68816;-0.013835115;7.02697E+12;13368420
28.05.2022;1563.099081;0.009957381;3.0001E+12;6390553
29.05.2022;1585.942075;0.014613913;7.17084E+12;6463851
30.05.2022;1677.707869;0.057862008;9.03556E+12;10953344
31.05.2022;1682.031577;0.002577152;5.59225E+12;11930774
01.06.2022;1609.132823;-0.043339705;5.58778E+12;11724279
02.06.2022;1634.023515;0.015468388;3.24191E+12;8647976
03.06.2022;1610.01682;-0.014691768;3.4266E+12;7098018
04.06.2022;1616.698519;0.00415008;1.79902E+12;4772695
05.06.2022;1624.225385;0.004655702;1.71844E+12;4635177
06.06.2022;1688.466035;0.039551561;3.96178E+12;9124923
07.06.2022;1677.760904;-0.006340152;5.23363E+12;10553392
08.06.2022;1642.22835;-0.021178557;2.80076E+12;7717830
09.06.2022;1639.912235;-0.001410349;2.25053E+12;5661921
10.06.2022;1598.006852;-0.02555343;3.11589E+12;7972000
11.06.2022;1574.480001;-0.014722622;5.23849E+12;8159230
12.06.2022;1494.291607;-0.050930081;8.65155E+12;10925697
13.06.2022;1325.141233;-0.1131977;1.42034E+13;20962850
14.06.2022;1314.342432;-0.00814917;9.69302E+12;16654225
15.06.2022;1339.397521;0.019062832;1.01297E+13;19334878
16.06.2022;1248.272435;-0.068034385;6.29315E+12;11883740
17.06.2022;1254.26324;0.004799277;3.54783E+12;8051882
18.06.2022;1191.116029;-0.050346059;6.16306E+12;12604731
19.06.2022;1268.603496;0.065054507;5.78416E+12;11619984
20.06.2022;1271.187095;0.002036569;4.17917E+12;11241259
21.06.2022;1274.46661;0.002579884;3.33614E+13;12106423
22.06.2022;1243.584668;-0.024231268;2.47533E+13;9550011
23.06.2022;1297.020757;0.042969402;1.19579E+13;8643405
24.06.2022;1300.993936;0.003063312;1.25687E+13;10127895
25.06.2022;1311.412109;0.008007856;1.49433E+13;8253617
26.06.2022;1291.325708;-0.01531662;9.50799E+12;8432404
27.06.2022;1281.745562;-0.007418845;6.67286E+12;7828202
28.06.2022;1260.227276;-0.016788267;7.30527E+12;8539385
29.06.2022;1255.096165;-0.004071576;9.35936E+12;8478191
30.06.2022;1248.217604;-0.005480505;9.71383E+12;9366691
01.07.2022;1215.183435;-0.026465072;6.8416E+12;9180718
02.07.2022;1216.596482;0.001162826;2.45951E+12;5185904
03.07.2022;1222.668819;0.00499125;2.36452E+12;4745908
04.07.2022;1264.482238;0.034198483;3.79319E+12;6593642
05.07.2022;1261.057936;-0.002708066;6.81426E+12;8850420
06.07.2022;1281.255733;0.016016549;4.30568E+12;7589240
07.07.2022;1331.139163;0.038933235;6.19006E+12;7403613
08.07.2022;1329.596163;-0.001159157;8.89175E+12;11210235
09.07.2022;1334.4306;0.003636019;5.53013E+12;7899652
10.07.2022;1300.473466;-0.02544691;4.4547E+12;7655536
11.07.2022;1257.794986;-0.032817648;4.90512E+12;8829288
12.07.2022;1229.786201;-0.022268164;3.91277E+12;8860204
13.07.2022;1271.095673;0.033590775;5.69715E+12;12011867
14.07.2022;1287.738308;0.013093141;4.32671E+12;11613705
15.07.2022;1298.442056;0.008312052;4.9834E+12;10882796
16.07.2022;1313.131206;0.011312904;3.44348E+12;9806911
17.07.2022;1293.117343;-0.015241328;3.17734E+12;10321968
18.07.2022;1371.653934;0.060734311;1.10132E+13;18051696
19.07.2022;1411.283955;0.028892143;1.00632E+13;19282380
20.07.2022;1404.872846;-0.004542749;1.21465E+13;17073497
21.07.2022;1378.668477;-0.018652485;3.01621E+12;6129773
